,si_Mp,si_Mn,mln_Mn,pre_inj,sp_Ame,sp_Mn,sp_Mp,mln_Mp
Abcb1a1,77.93951653788605,98.8183068132403,99.29775146069734,97.73911794728527,97.46157731886453,99.50465740887863,84.28429759286131,83.58497689390383
Abcb1a2,78.88731569838616,87.09260949129633,90.23309324490285,88.47365595281234,86.79151168079314,90.36264180973566,78.92605522760321,79.78603788637602
Abcb1b4,76.6797860875711,85.92232842187036,84.33897025762973,82.2660283654697,84.82186633892339,83.81432551344462,83.08105925244959,79.74560531856216
Abcb1b5,75.56265357816675,82.29515996515485,86.12074708154842,89.27125455061716,87.92424807423825,89.7837544758053,88.26305765359878,81.09713427264982
Ahr1,76.63502024901592,81.22876799103295,83.09873803530094,85.8592500469911,87.33746214147291,88.83473584867619,84.70997770223255,85.62725017041012
Ahr2,68.53792464187762,69.90402561748292,75.37884789180079,79.28240044334619,81.3001181882813,81.21279968414322,81.0753737892851,74.24888223420271
Ahr3,64.93444182656059,65.47055676628362,69.50324951700806,83.09677624160774,73.70746262063761,68.51546924169541,74.94166900653961,73.07101904162062
Ar1,69.92158757574924,64.0896140325652,67.31461605211935,74.97872506180309,68.56029020653311,71.20422889692766,70.53605574408842,68.42473411792949
Ar2,65.43117287697665,63.020145050107466,74.3972702848532,84.7758699035455,78.8287448359897,71.70101082477022,70.81270520549886,80.12894867437394
Ar3,78.98753527484801,77.9711812578169,81.25264321077282,84.69942833023092,83.18637514664688,76.78480220872119,80.84496054205572,83.0653018707407
Blimp-1,83.03564719631129,85.99447650817554,85.88777995349378,84.56983938485271,88.7922641306975,87.2448855128902,88.08686106524777,86.60158458914337
Cd19-1,94.56546131478275,93.33916470901691,95.88925165027221,97.93401443431986,96.18162985487872,96.9888642187931,95.98594708045223,96.73352403810375
Cd19-2,74.43784276660078,74.19858758506234,74.46205460353683,80.11622890098447,81.36285502668298,79.86280003414801,83.33159620247896,78.16655429440816
Cd19-3,81.63255377445499,82.06743945127195,92.8478881313844,86.79787921908225,92.7774563679374,91.61851139762932,92.27769580545151,93.66733812446128
Cd8a-1,78.59686832237706,82.89533099943412,84.45157619204288,81.91239472826285,86.83383162798177,85.66590643736474,87.97378175311773,83.95745997252419
Cd8a-2,71.7903919075228,67.77025942902306,82.4801411223722,87.43903825318094,81.47113191864791,82.87502131462459,81.41980851629661,82.20508006872211
Creb-2,73.77111937520917,76.24056511540836,75.90160609564784,85.97133783519702,80.34433364006152,79.34043746596593,81.32110145210348,77.67065251986838
Creb-3,88.64446004606751,89.28973476416103,92.880533182448,96.88471804459658,94.02167575264076,92.91853676065304,93.1688937241746,94.6672237864603
Dmrta1-1,70.93151123677214,72.53854921215714,76.95767412387606,85.15819391818161,81.5850711740517,79.25683617739917,78.83266696951623,77.48786640109164
Dmrta1-2,77.0893960808171,86.86117629482295,83.68025023439102,89.34480223896422,86.40304455569876,86.99703678080412,80.41448912859656,83.71227207158586
Dmrta1-3,57.98031191902808,70.75236903470562,73.71659836455716,78.05631219983226,80.14481158659034,81.15927146604974,81.82373786470248,75.11026398318938
Dmrta1-4,96.74116408548309,97.98420175488772,98.31407664665647,88.45541138119542,98.63064405186705,99.05192367728017,97.86928596315656,96.08751010935846
Dmrta1-5,87.17769991978234,85.80554208788523,73.33971342074436,74.07955552239765,73.17196733347137,79.30785898722704,84.01851221499408,83.42900975439615
Eomes1,78.32615864020079,78.51070685756372,83.41598636625554,83.68203363710468,80.9764904695885,80.72788611265317,82.12746186438108,79.8095016401298
Eomes2,79.23116529919237,79.37643474283277,79.0484068355196,81.95270513855243,80.50182383055025,80.65247594133437,83.28420514160754,80.15114534455621
Eomes3,74.38096377765041,72.39181494183151,74.58166369866693,71.66227966865405,74.65229724071885,67.99709237221188,74.1648204537378,75.92059263260201
Eomes4,77.5895547780818,77.31955207708197,82.16182587760436,84.58983944181561,86.0344517596435,85.31411774023442,84.71900539893164,81.76797696036455
Eomes5,85.68129916607558,86.73281765321643,87.8042941478405,86.67027865986213,89.34006525248462,89.91128992445233,88.69111964510512,86.4324655032965
Esr1-1,72.43735674590789,69.0104514225232,71.3836700801689,80.63494191595227,72.41463012858199,74.67565765168719,73.47436928656688,69.44633484278472
Esr1-2,50.854673217499844,72.86378106919942,67.02784376160271,76.58992218713405,65.35152559520536,70.53605574408842,67.25844704765714,60.27134071779826
Esr1-3,67.20169809072947,71.89088723458315,74.01913501720576,79.77595458385076,78.48586557127994,74.62100747675059,72.01411492435035,66.90879925683319
Esr2-1,67.39780864880915,62.35389310130215,62.28225249510471,77.75536434393668,62.630836897377584,57.23490364285322,73.65235064692743,72.03845079916769
Esr2-2,77.48786640109164,75.9709338445113,80.06508581337339,77.43391780182866,80.99860191356747,80.02321744747334,82.50179667149892,79.53236975134934
Esr2-3,78.27055353987197,72.18237170839392,84.13881033356984,86.31389115108018,87.89975703912678,86.5331876439748,88.20687126330586,86.42229793229417
Esrra1,56.097922900693675,66.43773748534976,72.65990284348275,78.7457965434892,68.92744445879818,71.53127684039575,71.97741953515713,74.5420593516445
Esrra2,61.06525778493228,52.84905993553184,57.432553146159414,73.19195132980023,55.551393920908055,69.0104514225232,65.02050938103349,66.0290976512502
Esrra3,62.42454444202157,73.679970656531,56.34864436361433,77.29440385693016,71.3836700801689,72.77879817269539,64.28937839849759,65.73843628643584
Esrrb1,59.579372412248496,60.58407595763657,60.27134071779826,73.12170917920892,66.75625463783415,58.77314065200072,61.985191960399966,63.32356294097274
Esrrb2,50.854673217499844,54.584823011003316,71.64931166346364,82.3241543070387,71.50471743344539,43.57963889333246,70.99000727842477,76.64063404444929
Esrrb3,82.40593658597459,82.73302291605772,77.72256012688102,82.27276329217167,82.42566625396194,77.75536434393668,78.2101018850409,82.05117911145045
Esrrb4,79.93206207282864,81.14312200656774,81.63255377445499,85.47007640926971,85.63500145948998,83.11440982550172,84.29559403120577,84.38839341795224
Esrrb5,60.684095379852785,59.70167708444618,52.28149440976294,70.50447695836813,72.83205625391454,72.12283543240345,73.88755803049702,72.27638513459796
Esrrg1,52.28149440976294,70.24537171598547,65.9578873958727,76.64063404444929,67.71856516777261,59.32518675838501,66.06435385991911,67.77025942902306
Esrrg2,65.88572515269571,61.06525778493228,66.96864508275054,70.7371854945908,74.86686294595518,69.92158757574924,74.56585342633669,72.19420645907128
Esrrg3,85.21385191747535,87.71717347731995,96.90019649664724,94.21632893097423,93.75285673580038,92.93102294854822,92.07235022048845,93.12925169542092
Esrrg4,77.40428918549152,69.93909548739855,71.45123066315584,87.37984286652201,84.24052779829367,73.41703460712469,83.50473776688064,83.35985574368503
Hnf4a1,72.35742452777292,69.48434150135887,58.14972061150513,72.52739151658693,64.4818447312799,43.57963889333246,66.2711986193516,61.829898214077694
Hnf4a2,74.5341069012789,73.81617406588819,72.06268552216277,81.39915895930322,76.67420835566901,72.15863000711238,75.98970428965582,74.35642018619005
Hnf4a3,71.9281300526279,74.72210671645651,68.64886880506099,73.83410064748337,74.69118075512077,77.79728436748879,72.63802444342411,75.337229063081
Hnf4a4,69.21276518824503,58.9171562375376,73.05062030934332,80.21412772166885,79.4157901970937,75.77995272812342,72.89533569136105,75.64257979038746
Hnf4a5,64.5288847895223,60.27134071779826,74.97133213730434,74.34821650812303,80.95152000112118,72.12283543240345,83.65701847403541,66.09938163106216
Hnf4g1,82.03020967861492,79.2495125588371,75.9709338445113,79.03324532606739,76.4177576242117,77.32456930911246,79.53936476289621,78.07851984343934
Hnf4g2,78.7378380023052,93.29021067450043,88.59508228519718,87.14381315368288,87.51265721352665,87.14581197549062,88.43152458090893,88.87025070229917
Hnf4g3,64.93444182656059,65.92192692203932,70.6452315213958,77.38445660050493,67.61370372487976,71.66227966865405,71.64931166346364,75.97719713385388
Hnf4g4,49.906505968925366,70.50447695836813,64.8026710204481,81.17001433285705,77.88942447833995,69.72535553657568,76.15606862132627,72.17051292464922
Ncoa1-1,76.18638140672222,76.504450131961,81.55489264701701,90.05364659494639,85.35619505298646,80.90407602891581,81.96686960111053,83.69983908170352
Ncoa1-2,65.77563784089367,43.57963889333246,48.67349679111055,70.4247598439104,60.58407595763657,67.50681262550596,63.88195193671934,53.35106268389222
Ncoa1-3,64.71297139755418,43.57963889333246,73.8430436868321,82.92768734677853,75.914270410023,72.03845079916769,79.52536678744252,73.48387128824888
Ncoa1-4,77.02125619971886,80.14164226668831,81.33156637474013,90.15809813271468,84.9346222431327,81.4915422726598,85.10624768316484,84.94187171912908
Ncoa1-5,81.57754037924381,81.46090135246403,74.36461260274795,76.29426866619575,79.62613878871151,78.06520491836743,80.7192318315678,80.64079212955157
Ncoa2-1,63.610226746403995,61.66970184895148,61.985191960399966,69.93909548739855,69.70717543130469,70.19545428339947,60.684095379852785,64.14027087136009
Ncoa2-2,57.02858522664304,63.72061798035337,72.02629556011328,79.68103959650283,67.17310222019647,71.32904806083509,71.17612131115533,60.684095379852785
Ncoa2-3,62.763901630166345,59.32518675838501,73.8608894709267,79.8228695053282,71.77770702370032,70.0601659740107,75.41331181352368,76.98424736520359
Ncoa2-4,60.16255056281098,73.11160595437033,77.71785941585303,75.28830719048113,72.45999549980363,78.58054955232664,75.03754287776388,73.94932315591893
Ncoa2-5,99.87167599988645,97.52607098360906,89.84759560250185,87.27036974444134,92.40444143344277,90.8476084509472,92.0261832417296,92.14232437066964
Ncoa2-6,54.93046024010364,59.32518675838501,62.957267046114275,71.2322003735662,65.88572515269571,73.68914881144397,67.74447267672704,71.97741953515713
Ncoa3-1,73.8430436868321,76.72975671185647,78.43169541732692,75.35807444620359,83.20760827854878,81.45834105692664,81.96451111771526,78.23608274347662
Ncoa3-2,63.6657141645594,67.37021726695261,70.36017705096486,69.48434150135887,71.96513620737205,73.7530013075838,71.35642352240468,73.8430436868321
Ncoa3-3,72.2060172771103,72.85322513438709,74.41353237430526,80.27957424581726,74.7758457544453,75.02289236952274,76.16821194538713,79.3187376457549
Ncoa3-4,43.57963889333246,54.584823011003316,72.9162784794368,85.97987309689434,77.86192779470727,71.07665284701308,73.76206725528638,52.28149440976294
Ncoa3-5,80.16379337966131,82.99987127093972,95.19261715689031,88.37539032571537,93.30859679607651,93.97460939017895,89.14783152356046,91.88450874717346
Ncoa4-1,71.59714797465634,74.95651890469178,79.40150820717943,83.9744803956504,77.56549629725839,78.60501147582104,78.68986906407677,78.51896499975535
Ncoa4-2,80.60560734711993,83.4029351974232,89.11688855492868,91.38803157147865,88.48236067134444,90.08024898278914,88.18773986148388,89.47248513708875
Ncoa4-3,78.11388551233772,85.29091723323268,85.7310531871073,90.1505393800757,85.0052940945053,88.22262676271646,85.7791356260631,87.32488087624863
Ncoa4-4,74.97872506180309,77.01598296959112,80.50182383055025,83.19024119290039,83.38985613203931,81.12693015863661,85.18747859601473,84.8967838892002
Ncoa4-5,66.599324082642,56.58649120055431,68.2858041570973,79.39793252829355,75.61605522773837,72.78948846229531,70.3276101410314,63.72061798035337
Ncoa5-1,72.06268552216277,74.07955552239765,71.96513620737205,74.14786484644014,78.30910300411603,78.02061168513221,76.16821194538713,73.74392148837832
Ncoa5-2,71.71386402940301,74.4216468398895,76.9948442825626,89.68114051186681,82.89533099943412,78.0918058986105,84.96934053400307,81.02338292881299
Ncoa5-3,74.89689744371972,75.39265714063299,78.54367298986098,85.99326092807361,82.642841481648,78.79727734600453,80.52867822276973,80.32897629081714
Ncoa6-2,86.27576348227713,88.60592106688242,84.83810383419433,85.96401212923128,88.45620585960022,88.46890221867861,89.31563825066772,86.11360356361124
Ncoa6-3,99.99760958529505,99.99535491577998,99.08674925354013,94.08689204393819,98.14108185186606,96.53519639067827,98.1693263143523,99.86587177674011
Ncoa7-1,69.44633484278472,63.14365274672634,70.37639122416054,75.73450820592666,72.13479136349976,67.66638314740217,65.06302702854852,68.51546924169541
Ncoa7-2,94.71137530160097,96.64713958748197,96.66235948731122,94.99175347161626,97.63684909513677,97.14948283733077,97.55782254903647,98.89712142919038
Ncoa7-3,74.5021908676061,76.0580352576839,75.81863485094497,80.8023856977607,75.96466406251011,75.5155359788039,78.58871435765747,77.19276139477522
Non-targeting-negative-control-#2-(RFP)-1,81.5220316905128,81.01238143092719,78.12269513243359,87.84603453327739,86.74674395801237,86.74353313131925,81.75090562340199,86.19758821561261
Non-targeting-negative-control-#4-(EGFP_881)-1,81.95034122537136,81.95979144086517,76.95767412387606,78.12269513243359,83.98975822625152,83.96086786284425,84.5621294371663,79.6639355809291
Non-targeting-negative-control-#5-(EGFP_1212)-2,88.4402948873984,87.21336568914646,91.31213794070737,89.3013383938299,92.25299231186482,93.57068971640015,92.04812904560497,91.91449372579235
Nr0b1-1,76.40026951811464,76.0703765968935,81.14312200656774,73.12170917920892,80.89285951930606,79.14978120488371,79.60888148114583,85.76020199742551
Nr0b1-2,76.60122812379943,77.56549629725839,79.08990933783056,80.32282262962734,79.16094261299098,79.55333100256834,78.17965108178244,81.27378832535666
Nr0b1-3,43.57963889333246,43.57963889333246,66.72522769448666,72.85322513438709,66.81778447820848,62.209593376856354,58.6246979355269,50.854673217499844
Nr0b1-4,51.62760541609119,66.0290976512502,59.579372412248496,70.7371854945908,60.377791241554604,66.37173375419593,60.05131119187027,61.75043290905688
Nr0b2-1,71.71386402940301,80.35659205016802,72.87431809387867,80.95707773460094,76.90954809082349,79.63647001943423,78.26625527140277,73.44577139661904
Nr0b2-2,74.42975029374212,76.05185513830696,85.0324760758839,86.15870112115836,89.1611394414417,82.12286547064224,83.78634287635653,91.16394197047384
Nr0b2-3,56.58649120055431,67.99709237221188,76.02085951451183,81.6375307350998,69.68893688820019,77.89399527498584,68.6707961341751,74.25722357546783
Nr1d1-1,60.377791241554604,50.854673217499844,66.8482914284234,59.70167708444618,68.23871391893202,62.209593376856354,60.782146705296256,73.74392148837832
Nr1d1-2,77.82507234425925,73.52172749577171,78.93762965247744,91.1491164003883,83.19410480138959,81.88617027141173,86.68543544823297,84.24052779829367
Nr1d1-3,46.89166021331561,43.57963889333246,43.57963889333246,73.7257200610277,71.7522539201195,56.34864436361433,64.24014370385,56.34864436361433
Nr1d2-4,67.25844704765714,71.09096803539309,70.24537171598547,77.0998118411177,73.70746262063761,73.46485200459824,69.09225117514609,72.82144316688989
Nr1d2-5,71.63631462653922,79.09366844623676,79.1311337515445,78.84441837718822,84.64183709769652,82.46493673429394,85.61430897041129,82.71216830955623
Nr1d2-6,67.34248688823774,71.7903919075228,75.66898824948325,77.17222805209326,79.30059585412458,79.91892915798701,81.90525366613883,68.9064997347054
Nr1h2-1,43.57963889333246,59.93750502488707,43.57963889333246,56.58649120055431,62.829165867373604,43.57963889333246,49.906505968925366,46.89166021331561
Nr1h2-2,77.49762425055464,77.88485026609138,75.81220500767549,78.54367298986098,81.00962798868879,76.45258335745334,82.04186817673325,80.73652827118082
Nr1h2-3,67.20169809072947,69.83323033778991,77.34959378978792,74.24888223420271,76.07653784276461,67.02784376160271,67.89742190913184,71.50471743344539
Nr1h3-4,85.23321111550972,88.77503390231543,87.80072765284689,90.3943934629194,90.93032210223143,88.51390068294818,90.26848578358535,89.81979774112814
Nr1h3-5,68.44755646833444,62.06109586191039,67.47976307743781,72.19420645907128,68.49292325479973,71.94049157999443,69.23260271181493,74.34000153660556
Nr1h3-6,70.59869614694692,82.07671183462747,76.06420907286252,85.55310725671208,80.53760377344929,83.95575531247056,84.24865713807174,74.67565765168719
Nr1h4-1,84.94766503384318,87.48822190574974,80.25161072490205,82.08597027741358,79.40508181099449,81.4429569199048,80.42358130356226,81.53216141971568
Nr1h4-2,95.52124880717474,97.85951770577195,98.76884551981892,98.44340029920431,98.68839926884625,98.64870764804927,98.71254605738329,98.28861165494996
Nr1h4-3,64.14027087136009,62.06109586191039,75.1174879003688,77.1876345373403,76.69092622050368,74.51018586907348,75.86982874267426,70.59869614694692
Nr1i2-4,68.5825666772571,76.16214332666456,79.36206107582059,81.29749025394636,75.64257979038746,75.84428601232888,75.62269731028022,77.59435513109817
Nr1i2-6,89.8451305400865,83.74059561369435,74.38096377765041,84.79074575583459,75.2531178251186,74.47814147903941,79.27875489883493,76.38858271337313
Nr1i2-7,73.05062030934332,79.27875489883493,85.51107679420468,86.68219086047145,83.59221939692935,85.2249219509674,85.15539745021572,83.7352949501321
Nr1i2-8,79.52886926458677,80.01675085303326,80.09071037568555,87.03382469474157,85.1721567884916,80.73940630280401,81.60010522431335,82.3130187987608
Nr1i3-1,69.57825630144343,73.47436928656688,59.82100568351759,76.62377707552038,78.13149210771466,76.74080574187452,82.0929049855186,70.36017705096486
Nr1i3-2,54.584823011003316,69.27206969005297,73.00960977630695,76.32980854268273,73.76206725528638,68.40181807882666,74.56585342633669,68.14332146755453
Nr1i3-4,52.28149440976294,63.26428353476937,43.57963889333246,75.9583877742064,65.43117287697665,43.57963889333246,70.78261628583505,43.57963889333246
Nr1i3-5,72.2060172771103,78.26625527140277,71.58403345567818,75.53577434778785,63.72061798035337,71.58403345567818,69.36954648257192,68.0217327580408
Nr2c1-1,68.98981429294516,71.55771513606808,76.7131454306433,75.92690825114549,78.08738041359014,76.88264609842658,78.09622819021753,76.59557778553551
Nr2c1-2,83.56683299666024,83.60306708157945,72.25302320556577,79.75911233448323,74.62100747675059,69.54087710654571,72.65990284348275,75.70183712899374
Nr2c1-3,55.551393920908055,62.763901630166345,65.50965341341268,71.85340460769419,66.20312453186638,67.20169809072947,59.057010867203665,65.81258410880547
Nr2c2-5,82.67234845156327,80.65830956031549,74.49418515501101,78.26195398845405,77.39933707546069,78.66171324752024,79.09366844623676,78.90284081162203
Nr2c2-6,61.66970184895148,68.16732332431363,71.35642352240468,84.62506314804088,73.11160595437033,67.42526247143866,73.63386556246631,68.5825666772571
Nr2e1-1,84.15368175328243,81.02887632972546,89.70966647976357,89.42070488070203,91.4194258525441,93.1003064035983,87.0855462074522,89.99704232662374
Nr2e1-2,43.57963889333246,43.57963889333246,64.19044426491251,68.8854766214924,61.41947619623068,52.84905993553184,55.83278597883454,46.89166021331561
Nr2e1-3,72.67081153643421,72.94755358835154,79.62613878871151,84.46256583162793,80.32282262962734,80.32897629081714,82.6765521892888,79.62269119183271
Nr2e3-4,73.53115384676217,79.10117978003709,70.34391678055275,74.13086083581669,74.24888223420271,73.18196779113785,75.41331181352368,76.80121918213827
Nr2e3-5,58.77314065200072,54.93046024010364,65.39149732736469,73.36882749157826,68.8854766214924,67.17310222019647,72.70341651777036,69.29170014478153
Nr2e3-6,90.74280600317088,90.95029287451023,93.99579459652725,82.12746186438108,84.39791288181388,86.00783150998626,81.76797696036455,91.15007421636123
Nr2e3-7,70.97543886258775,73.49335805997886,75.00084934451678,74.34821650812303,76.09498404277508,77.70373556776255,76.33571165637169,73.40742457009759
Nr2e3-8,70.85754543327782,48.67349679111055,70.14509646242433,78.02508564330948,62.209593376856354,69.52209457458086,50.854673217499844,79.70150194540257
Nr2f1-1,68.73606773829975,68.9691011452232,74.72981331015994,75.82505785829103,76.94701227470168,68.56029020653311,75.70183712899374,72.81081088717004
Nr2f1-4,67.79592658617543,83.71227207158586,82.44315076447111,86.8737538956491,84.51566256815497,88.08855718471537,85.56487532068218,77.46830381655472
Nr2f2-1,72.38037391181891,71.32904806083509,73.85197328076367,74.85178908271443,78.2231060746674,73.59672154023336,79.3548616403833,79.35846241023803
Nr2f2-2,81.6400177098938,81.81165877399404,69.35018525779564,78.62126546388312,61.15618031279529,62.630836897377584,64.57551005916599,77.1876345373403
Nr2f2-3,78.94148295773435,75.03022209274332,84.32294109070536,86.89987059193253,83.71404614822583,84.60671112985465,85.0224759223344,86.63112336047594
Nr2f2-4,70.94619103661623,72.8001593429351,72.01411492435035,75.20350422241343,72.05058075033757,52.84905993553184,66.99832440692222,68.73606773829975
Nr2f6-1,43.57963889333246,61.66970184895148,56.097922900693675,54.584823011003316,62.28225249510471,56.097922900693675,71.3015424291922,67.8469066769777
Nr2f6-2,72.24130712827262,78.27914105036172,76.09498404277508,72.74661011895017,75.32329192304714,77.28431547776454,73.63386556246631,77.65166725026316
Nr2f6-3,43.57963889333246,72.60505312926789,71.07665284701308,76.52164105134192,72.68169999511686,78.7378380023052,72.87431809387867,65.47055676628362
Nr2f6-4,78.8248201982291,80.45981658759528,84.43584208424407,87.57793362272899,83.28610784344531,77.92134862516562,86.27344479109703,84.7490007490259
Nr2f6-5,59.057010867203665,58.6246979355269,67.31461605211935,63.98681058520869,43.57963889333246,49.906505968925366,62.13588516538828,52.84905993553184
Nr3c1-1,79.08238422332764,79.89257910048332,80.17956703438347,77.89856266184343,81.4120730323007,79.4157901970937,79.84951857743583,80.79953690149507
Nr3c1-2,63.6657141645594,67.05720492561899,65.84927870136525,74.30702807391745,68.21501864210907,75.9709338445113,69.27206969005297,65.06302702854852
Nr3c1-3,59.453932952061784,65.5484671355674,69.29170014478153,78.03402376962923,77.90768722591808,69.52209457458086,74.8139377294806,69.13270960233604
Nr3c2-4,53.35106268389222,71.00453895331965,75.337229063081,68.8854766214924,69.17287953037442,64.75801077481663,62.13588516538828,57.432553146159414
Nr3c2-5,80.48385573979476,82.57486018336972,86.69407892016893,90.38550026302423,89.9898490499615,87.59552440528444,89.01510223857014,89.46057970368017
Nr3c2-6,79.54635184056762,77.34459709478023,82.7309406388845,81.3939857484702,86.39623421204632,81.22610947555692,85.31956367621162,83.03168238341297
Nr4a1-1,64.24014370385,62.829165867373604,73.68914881144397,75.7083855054831,70.40868235469388,71.53127684039575,71.91574222991098,69.35018525779564
Nr4a1-2,57.23490364285322,51.62760541609119,57.23490364285322,80.67868389856268,72.88483627809867,72.58296884945189,73.85197328076367,77.89856266184343
Nr4a1-3,83.58497689390383,83.21338638417942,79.49727504580572,77.22852922597902,81.82615084429322,81.50680582635722,82.53413765835471,82.70380660286266
Nr4a1-4,43.57963889333246,43.57963889333246,58.9171562375376,48.67349679111055,56.812767119365525,57.432553146159414,73.78918230458595,62.89361402804784
Nr4a2-6,75.46123235253161,69.9739505398792,66.53526413723525,77.03178898608547,74.64449012749701,68.51546924169541,73.92293094088032,76.07653784276461
Nr4a2-7,68.77916360112592,72.17051292464922,75.95210496568691,81.37065245070872,46.89166021331561,70.79768042992572,70.29485665461061,77.70373556776255
Nr4a3-1,54.584823011003316,68.51546924169541,67.50681262550596,67.02784376160271,68.44755646833444,61.33323240183286,62.13588516538828,74.5021908676061
Nr4a3-2,78.60094124858497,76.26449212144679,80.90967664600103,79.29696107182247,83.19217330162299,80.78527315647295,83.8491242634866,81.328951808096
Nr4a3-3,66.78710621754122,58.9171562375376,64.89088022958434,76.850205964666,73.60602939433214,71.58403345567818,74.96393009264334,74.26555326370672
Nr5a1-1,84.87484565624955,84.03031274724015,86.93727461457618,80.46884225058271,84.06390307797092,83.51024219774924,85.09778155768915,88.52254313386013
Nr5a1-2,85.47538258216089,81.65987746875935,72.42600446411312,73.83410064748337,80.24537935535372,69.65228292358401,83.45867380235923,85.27311498438004
Nr5a1-3,72.94755358835154,81.28959972657647,82.28173174464483,90.32225575321304,85.34536460590894,84.33736924367022,80.3104968595387,83.49739080941751
Nr5a1-4,43.57963889333246,67.69253572343365,51.62760541609119,69.09225117514609,43.57963889333246,43.57963889333246,43.57963889333246,55.551393920908055
Nr5a2-1,70.16193183110781,67.23014583886929,74.41353237430526,70.45677998239012,76.95234553272412,68.40181807882666,72.60505312926789,71.80304917916246
Nr5a2-2,97.94239054235051,96.79688233497086,98.64308077034441,94.44409095159884,97.80321505726586,96.29604439390368,99.89614437287544,96.18632296867347
Nr5a2-3,61.829898214077694,55.25152489630999,76.30613845310936,86.86642025109612,80.01998499803742,77.0998118411177,77.04230359434638,75.70183712899374
Nr6a1-1,77.7786886954671,79.7151058617226,84.11228215871567,90.75058586406364,86.72530514419071,84.64640375571658,83.98297280901618,85.37375293410535
Nr6a1-2,53.8015184390951,50.854673217499844,54.93046024010364,68.04626428617905,48.67349679111055,63.774950809260865,58.77314065200072,57.98031191902808
Nr6a1-3,97.30019751395369,94.62361487353374,95.45199740346114,94.67170564953025,94.8688832830112,91.04066457773695,92.90040188584632,95.42875434174317
Nr6a1-4,68.98981429294516,76.92027568774003,81.73868279685556,90.3882810215754,84.39949800796515,79.62269119183271,79.9810628477528,82.02787532840655
Pgr-1,81.08354296823362,82.4322287715037,82.26378175122872,82.96188005243151,78.15342946633382,79.30785898722704,78.8287448359897,79.7151058617226
Pgr-2,67.69253572343365,66.87862904160663,62.562990096922825,78.45258670677237,68.47028592048746,55.25152489630999,70.29485665461061,67.61370372487976
Pgr-3,43.57963889333246,64.5288847895223,67.97234212230747,77.91679821151834,68.49292325479973,43.57963889333246,43.57963889333246,73.21186788528247
Pgr-4,80.55837997719472,75.2106169928377,77.55584632447837,79.04083075173591,83.54498898265015,79.96477248867778,82.97790504006244,81.99040490025853
Pgr-5,95.74944719141189,91.09953918999064,89.69954128681778,91.64889704,89.94224803971919,89.18905083444973,91.19678358754186,90.08378585758787
Pgr-6,69.93909548739855,69.13270960233604,69.44633484278472,69.81539288108645,74.5420593516445,73.18196779113785,77.04230359434638,74.32353758501779
Ppara-1,76.90417719501994,74.59743228088436,70.90203887740388,75.13910768116577,69.95654969549662,70.66065982342958,69.57825630144343,74.4216468398895
Ppara-2,73.78918230458595,78.93762965247744,83.42343169664846,81.83338411902778,82.18917965076999,84.36452922789658,77.55101561762369,78.40232762325763
Ppara-3,76.10112030684087,78.0918058986105,84.90407894748039,82.61531470461404,85.0850600026772,86.15988327642702,83.9249896012893,83.04158961429174
Ppard-1,43.57963889333246,43.57963889333246,46.89166021331561,68.09500472564326,53.8015184390951,60.87830881906551,65.700975754894,65.77563784089367
Ppard-2,83.04356914142016,88.50209398151456,94.44136893330482,93.61929612778982,88.36086472303674,87.98933481329506,89.05019275401273,93.18997082291088
Ppard-3,48.67349679111055,63.55414268187415,59.057010867203665,73.55934320534413,62.6977995332629,63.55414268187415,46.89166021331561,54.93046024010364
Ppard-4,64.38648906016903,43.57963889333246,58.31332883127318,81.2420434096385,68.71439491666929,43.57963889333246,71.51801234742773,67.61370372487976
Ppard-5,61.24548561642808,59.93750502488707,54.584823011003316,74.07955552239765,66.16876400666133,58.31332883127318,75.14629702191682,69.67063951701978
Ppard-6,66.96864508275054,67.53373014457436,65.02050938103349,79.18320488127989,69.57825630144343,73.36882749157826,71.68812911708036,71.24613549520699
Ppard-7,90.62307280356457,87.9850187828666,93.58197890866931,83.17088652213842,85.60523342992471,85.06947484422851,87.34422534742885,93.89055679467755
Pparg-1,74.34000153660556,75.31631123017964,85.06237732395464,91.16250916127699,82.3640760898013,84.04377112550505,85.33722892125701,87.22224797461894
Pparg-2,48.67349679111055,57.23490364285322,61.15618031279529,61.41947619623068,46.89166021331561,55.25152489630999,57.432553146159414,61.90813835076623
Pparg-3,85.39529230779854,86.52874750343652,86.52096918643099,86.23388730259549,88.94424331507385,87.56400804232337,89.35628920307522,86.84015329554579
Pparg-4,58.77314065200072,59.82100568351759,65.50965341341268,72.89533569136105,61.06525778493228,71.13370171271063,58.9171562375376,57.23490364285322
Pparg-5,61.24548561642808,75.05945182463886,75.83788342411117,83.25176844030678,76.49870899215834,79.78603788637602,71.06230204143277,75.5960849818654
Ppargc1a-1,65.22978644863942,70.58310008438988,74.41353237430526,77.73195072500242,71.85340460769419,75.79932475347844,73.41703460712469,78.74977195235634
Ppargc1a-2,76.6462426590344,75.72798812025437,84.24703214000793,89.96640321901627,87.05619233137965,86.97855536176621,86.0825484892661,84.43899217273746
Ppargc1a-3,60.97265589896514,70.34391678055275,77.98920214757908,74.85933075253149,76.78480220872119,78.64556608059648,69.85101198128281,76.14390090132855
Ppargc1b-1,43.57963889333246,72.13479136349976,57.804657711733185,70.58310008438988,50.854673217499844,68.7576570785882,51.62760541609119,69.09225117514609
Ppargc1b-2,78.57646307528752,79.7151058617226,72.68169999511686,67.28660327460526,63.774950809260865,71.45123066315584,72.39181494183151,78.53956189017582
Ppargc1b-3,69.27206969005297,67.58717439465418,77.13095275249502,78.1006472923864,80.77955841249953,79.9778082173263,78.02508564330948,75.90794156899095
Rara1,66.13418401653706,73.16194989776854,74.8139377294806,76.19242580366527,79.25683617739917,77.75068878359774,79.33321268694388,76.76834080767324
Rara2,58.471535145622056,61.24548561642808,66.20312453186638,74.69892723622725,69.48434150135887,63.774950809260865,71.47803576378179,73.67077827452289
Rara3,69.92158757574924,71.80304917916246,77.24887420816664,80.40234534559976,80.69319591380668,82.42785453758076,79.39077493551385,79.84951857743583
Rara4,88.2292475308488,86.67569629442366,88.21185143298183,89.10488640263927,89.58817930739248,87.59829698232431,90.84913367605421,91.06458961510025
Rarb1,86.1219368317055,91.3807230704879,93.7145530781455,93.57210254328044,93.00294640130303,93.87064480138906,91.64759869139976,90.65168436870805
Rarb2,82.00213891401906,78.56418730272297,88.37458433033393,90.98455798009294,89.26439410640178,84.01175877334192,89.26096064385062,90.17492089461278
Rarb3,60.87830881906551,55.551393920908055,51.62760541609119,70.37639122416054,59.70167708444618,56.812767119365525,54.93046024010364,56.812767119365525
Rarg1,80.57317740301454,83.80384705945919,83.42343169664846,81.57000037467758,79.9615092453408,80.36271213216325,79.38719301686812,83.95405017535275
Rarg2,79.08614793108617,89.22374099902882,91.5332939637652,92.85557132545705,95.56117741421853,97.97138629643834,90.21473212893822,89.63518132800714
Rarg3,72.97866342417004,72.75735907452732,74.12234059030118,76.61814767798444,74.24052920647264,72.48254708811612,76.13170868477408,76.79027945754673
Rora1,85.13578569270501,84.09897457163818,87.66717988459915,92.70796673195417,86.44148864431705,88.17188668795616,87.72621654651608,89.1218229959176
Rora2,77.53165451212938,77.94405010602742,80.52570016756516,73.99305150370779,77.80192446866147,74.42975029374212,78.62126546388312,76.8339208192745
Rora3,82.13664437082487,87.49857257372324,87.79894357001831,91.2982130563408,90.34585229849066,88.55776026602837,91.31908572367338,86.24088728624604
Rorb1,43.57963889333246,62.28225249510471,63.88195193671934,75.35113400345456,69.03101310965039,43.57963889333246,54.93046024010364,71.89088723458315
Rorb2,70.94619103661623,78.19707005561868,82.17551795676246,87.24979504003024,83.45127126537702,82.8034035585438,83.84738903318595,80.85626439031958
Rorb3,62.28225249510471,58.31332883127318,68.1912220778236,77.46340336550645,71.9281300526279,60.48200443647372,61.90813835076623,66.78710621754122
Rorc1,80.22664738324399,82.40813189908788,91.91858661235645,88.92529021659912,93.78651588490918,94.9186239543008,92.9737982072586,93.87090744632224
Rorc2,73.66157161981265,73.87868180477602,69.85101198128281,75.35807444620359,79.10868195491769,77.30447558466919,75.04485474653605,74.51018586907348
Rorc3,62.13588516538828,70.14509646242433,75.52903577214965,83.86125707064721,77.71785941585303,76.504450131961,69.09225117514609,74.58166369866693
Rxra2,80.74803235128888,81.18609363543423,83.06135618938926,82.12056598614433,82.77038370324878,81.83338411902778,85.21108122065584,84.08897474975402
Rxra4,65.06302702854852,43.57963889333246,43.57963889333246,68.2858041570973,61.50426957485146,43.57963889333246,59.057010867203665,43.57963889333246
Rxrb1,72.3343847705116,71.51801234742773,79.6776225891128,80.374934110278,80.17641552921756,79.32959711598275,77.81582369840791,80.95429949360268
Rxrb2,70.90203887740388,71.45123066315584,75.93951973231181,78.85224018739348,74.61315939784183,76.42357581000724,77.30950522174679,74.61315939784183
Rxrb3,61.06525778493228,60.377791241554604,66.16876400666133,70.45677998239012,68.69263794194491,67.82147529279804,73.54056521610416,58.31332883127318
Rxrg1,72.61606416808564,73.55934320534413,78.61314384662793,82.20734820805043,80.17010768331757,82.18235259337555,78.96838870085412,76.24056511540836
Rxrg2,78.32189917489313,81.11881826960754,76.65744438374819,79.19800177866475,83.94210083494566,82.50827849218322,81.82615084429322,77.42898967151795
Rxrg3,71.8784198282074,73.54996165275571,77.38445660050493,85.29638424627902,83.02374505982431,78.8678540142871,79.8095016401298,82.21867638554681
Scand1-2,90.100847396362,90.58413936034671,73.83410064748337,75.54250539904223,52.28149440976294,49.906505968925366,70.82769082457216,79.81618919659765
Scand1-3,64.28937839849759,66.96864508275054,76.69092622050368,79.88597395079059,75.71492678570328,74.63667281402897,74.2321644584564,74.38912259910218
Scand1-4,43.57963889333246,75.4475796270756,43.57963889333246,57.23490364285322,68.11921558106617,48.67349679111055,43.57963889333246,48.67349679111055
Tgr5-1,76.62377707552038,73.79819319993312,78.36436132912037,79.03324532606739,77.71785941585303,75.36500689606255,83.41598636625554,75.46804713009104
Tgr5-2,70.6452315213958,78.21877440872986,72.94755358835154,73.68914881144397,72.85322513438709,67.08640964796993,69.88640926612048,72.83205625391454
Tgr5-3,70.27840925149394,74.4216468398895,72.67081153643421,54.93046024010364,71.47803576378179,63.20431902609525,74.57376378794382,65.84927870136525
Thra1,80.67577739508522,75.58273465321217,75.48165360456241,63.72061798035337,76.7131454306433,74.00175872247921,71.04791543513204,68.42473411792949
Thra3,43.57963889333246,66.2711986193516,61.24548561642808,63.20431902609525,56.812767119365525,43.57963889333246,62.13588516538828,72.75735907452732
Thra5,60.58407595763657,73.50282965189619,71.43778145654939,79.62958445727867,75.7928743125915,78.35165351276811,73.48387128824888,70.11127592323807
Thrb1,69.61539047304754,67.08640964796993,75.92059263260201,82.80546141575854,75.2106169928377,77.29944179866679,73.5122861139446,77.88485026609138
Thrb3,69.33075744478239,70.5674614904427,64.0896140325652,62.763901630166345,71.95282692683524,77.71785941585303,72.41463012858199,69.44633484278472
Thrb4,56.097922900693675,53.35106268389222,59.32518675838501,70.36017705096486,61.15618031279529,64.03846396602928,56.812767119365525,66.0290976512502
Vdr1,75.33026452758557,78.71390034497702,85.05953597365318,85.89025436469063,86.8391001592898,85.84804885025918,87.29574234134554,86.27344479109703
Vdr2,61.829898214077694,62.763901630166345,65.62526258745422,77.38942078971975,66.63107367790192,70.4727231497055,76.60122812379943,71.81567896247863
Vdr3,67.53373014457436,69.25237071149093,43.57963889333246,73.78015771060387,48.67349679111055,53.35106268389222,50.854673217499844,43.57963889333246
