target,si_Mp__vs__si_Mn,si_Mp__vs__mln_Mn,si_Mp__vs__pre_inj,si_Mp__vs__sp_Ame,si_Mp__vs__sp_Mn,si_Mp__vs__sp_Mp,si_Mp__vs__mln_Mp,si_Mn__vs__mln_Mn,si_Mn__vs__pre_inj,si_Mn__vs__sp_Ame,si_Mn__vs__sp_Mn,si_Mn__vs__sp_Mp,si_Mn__vs__mln_Mp,mln_Mn__vs__pre_inj,mln_Mn__vs__sp_Ame,mln_Mn__vs__sp_Mn,mln_Mn__vs__sp_Mp,mln_Mn__vs__mln_Mp,pre_inj__vs__sp_Ame,pre_inj__vs__sp_Mn,pre_inj__vs__sp_Mp,pre_inj__vs__mln_Mp,sp_Ame__vs__sp_Mn,sp_Ame__vs__sp_Mp,sp_Ame__vs__mln_Mp,sp_Mn__vs__sp_Mp,sp_Mn__vs__mln_Mp,sp_Mp__vs__mln_Mp
Abcb1a,-2.7018782103691543,-2.8052211420554776,-1.3599379165551362,-1.6911542626603135,-2.313448571852436,0.6858877376200817,0.5413081539344442,0.0003899119219274238,1.2023501152407483,0.8951247140128997,0.054282640586058126,2.924436403889917,2.9275989768416504,1.531332951474767,1.4275465439282102,0.08905704009651212,4.048142073010843,4.136387548363742,-0.4051838984992245,-1.3343716397824952,2.3347427452992227,2.1686850224744108,-1.1061249225744056,3.3678591337463226,2.4240738701029554,3.8291418406939015,3.318199946837051,-0.14499014274889807
Abcb1b,-1.2394692343578524,-1.127085866296828,-0.21193179270157184,-0.9129219808241209,-1.1702924621655215,-1.0294436303586931,0.269437091587596,0.16935314102592805,0.9065141236825934,0.29165680863979393,-0.08073043918678054,0.3470687759703997,1.3595293485766489,0.9824068627576186,0.25040157447123634,-0.34915210124972446,0.2897086720214182,1.7193280109757167,-0.8207626194313075,-1.152500361330192,-0.7905778855200919,0.5271243403266958,-0.4938769259948253,0.0816458446647066,1.286752113441988,0.5769862295023267,1.6745880870876013,1.4139636844600865
Ahr,0.05954963453184137,-0.3971068036592664,-0.9088344619663535,-1.0240031151444462,-0.9369395535475409,-1.2063172221409069,-0.6067165460280864,-0.4858914897942253,-0.8354312949880596,-0.9406016970758758,-0.9584881358101478,-0.9458285120791017,-0.5296437332574847,-0.5695359696392048,-0.884039057107394,-0.9616667178968951,-0.7620569001061216,-0.16954792714227898,-0.14690110967719663,-0.18124273936821161,-0.13090430927950597,0.4595062959760682,-0.06019255316030006,0.027549869273393455,0.5725785756890639,0.08433952648882394,0.5966922291851283,0.6368586310258495
Ar,1.2312971801821784,0.3171757924000325,-0.3007788332470243,0.17532728587022695,0.570064321421032,0.8407085010878586,-0.11650601708122635,-1.017837391784872,-1.341114681802263,-0.9245245283344714,-0.49393974898009435,-0.4794043836521301,-1.2323636909336968,-0.672095772167316,-0.18339705287545757,0.48309008020216737,0.4828838850312381,-0.5287947979616832,0.5513208072166084,0.9666633721819916,1.2163566297919313,0.23821764382897706,0.5486239382807867,0.7819970506807307,-0.3091605940659347,0.05416180487235665,-0.8023787903908545,-1.040244346875741
Blimp,-0.11749365304179903,0.3224144804688211,1.6340589400902388,0.09777768348809365,0.09538294290967496,0.18430891076703027,0.46360027815246796,0.47051449613927854,1.5112426579316067,0.18757946806638534,0.1922682477666404,0.24147397049072045,0.4714344292806582,1.4461412582223592,-0.29778633010268896,-0.28281620826873455,-0.19572766780573383,0.1056144804896517,-1.7698298564518418,-1.5278644309997074,-1.7808490048961427,-1.4672592560145468,0.013525216425267085,0.08311966991272855,0.33394683786042706,0.05218524278119576,0.30276424130520513,0.31284154827845684
Cd19,0.6193167793675893,0.012973485749414525,0.9052330400814075,-0.08330987392113177,-0.24420046308928808,-0.3377147107168981,-0.17405667742716,-0.6671162924311916,0.2358052790569578,-0.6138240634635252,-0.7629077185012865,-0.8038817276386883,-0.7101395782442185,0.9796944903452606,-0.13275430526710222,-0.4078985837880261,-0.36140069649349416,-0.20869598893081,-1.1408399910906073,-1.1928868910563903,-1.433371377596218,-1.253204580961465,-0.22563351734356832,-0.2949599006026678,-0.07287253554632622,-0.0010455724352901286,0.1411141530308959,0.1736438704879876
Cd8a,0.5116147664078278,-0.9333072626402323,-0.17431331530182914,-0.622208711897598,-0.8570353743308892,-1.0165839016419735,-0.6792779095462829,-1.5505597771321127,-0.5997566015360163,-0.9872528771153177,-1.2652156307544784,-1.2098356444360314,-1.0053934625269634,0.8147994595636381,0.392507498428284,-0.10999776597236993,0.07177622110259735,0.42658475889065345,-0.5249601178799587,-0.824836330701044,-0.8228218477159669,-0.4871805648815185,-0.41468200145778655,-0.3350758774176799,0.050343385779361635,0.16297005170326867,0.4333573204911029,0.3509302492176527
Creb,0.1951946435294046,0.2456946733716932,-0.3422638819130272,0.048628374777389204,-0.04402040143567261,-0.08165831974600231,0.09463543820952151,0.04553292661610991,-0.46643288973974134,-0.12848483166548413,-0.20852688129684321,-0.23502925011380457,-0.1069163798584989,-0.6405745476653848,-0.26275619938949435,-0.40208804633378237,-0.3766655870267746,-0.20532413133679786,0.4513303103378404,0.2919771354857304,0.32927089170222806,0.5032907471018863,-0.11345920029376383,-0.17367584422408663,0.03586634691614389,-0.02072208346601666,0.13943059823787698,0.19317392072713493
Dmrta1,-0.5292566016368656,0.23773280118321882,0.837562240162477,0.04236074639165286,-0.48404593502890214,-0.23555175241412687,0.03639822331853483,0.8335356562342734,1.186752512531925,0.49954298882256915,-0.019286105409598287,0.29915696033539124,0.5190170914811357,0.663111826303193,-0.2607362709333914,-1.0947706440450165,-0.5248063181101382,-0.25963383661619127,-0.9162034321349499,-1.4047743778704251,-1.2480779404219862,-0.957727495890804,-0.6845343972240264,-0.3552600062430313,-0.012861463731665653,0.42662319190058545,0.6247417189793516,0.2956107966429535
Eomes,0.5818352363182167,0.4362906071264703,1.3757215633729645,0.6592943301120301,0.5513792184445171,0.5877722410613512,0.9373453996277628,-0.17773616492016728,0.6741408221969858,0.06331031380739457,0.03985130610937506,-0.08558147876830986,0.1937109329912556,1.0397993263114256,0.3265341789061898,0.2924009505359359,0.08173686558301894,0.4854697039527981,-0.816875769310501,-0.7368288812904673,-1.0598159090955588,-0.6762007712519186,-0.029395592441564523,-0.2520815088332057,0.1550928563359978,-0.17031350972704842,0.17380461582672724,0.3993161173498194
Esr1,-1.1880649994956798,-0.710913695851308,-1.5440978072453022,-0.5383991950571642,-0.9945547431742554,-0.4540488343364328,0.8660121881938995,0.5534513678373068,-0.286526928567863,0.5716832118907723,0.04587546695178897,0.7268223496013504,1.7784023318197424,-0.9285718656001025,0.20975563722386698,-0.6300956012505519,0.38276078558040577,1.8536223830349883,1.1520440984407698,0.38878440342756393,1.3984638274276706,2.7193041991816225,-0.6912425134028071,0.23804115733856543,1.4362622790924713,0.9061463234289578,1.9993992541988257,1.4498732458870445
Esr2,1.4833925405830406,0.7260360276438181,0.5916472257679217,0.7645656887753209,0.8775627817212694,-0.35978066227386696,0.09873931397730883,-0.8621120904283314,-0.7936656134239335,-0.633674660166127,-0.4102014663793413,-1.5931610629120876,-1.297703610639854,-0.13324210996119665,0.08300971216261235,0.42265342711356085,-1.234418536779897,-0.806646841402417,0.2099026607700751,0.4301530428432112,-1.0780998109563706,-0.6018940358909586,0.2788577294759514,-1.5842453576993563,-0.7668868650163493,-1.550929971789089,-0.983623551642884,0.49922427257428703
Esrra,-0.4523556620010728,0.4539326400856951,-1.7820422316814368,0.1723542530106681,-1.2811263324845952,-0.40426994877465366,-0.9489251488239395,0.9778890706264007,-1.138024662623933,0.545095969374671,-0.8569969371470034,0.10553053514585756,-0.322777409094128,-2.445518275103636,-0.37123507957186486,-2.660891326802626,-0.9554729136398769,-1.6211093427066514,2.2556005329014797,0.2931945962428681,1.7356200675669948,1.1470281442386603,-1.880648073792304,-0.7580354171251001,-1.1032486494363551,1.345704892270699,0.7079397886658336,-0.6110557726461796
Esrrb,0.3065832911662858,0.5151501255458971,-0.7579970577979772,-0.6628279908385435,0.845051758670798,-0.3905854041290034,-0.985290748664147,0.20835476397459074,-0.9225305210079728,-0.8432171172763243,0.5583191361956055,-0.563247505843137,-1.0546554642517236,-1.3874119539660523,-1.6096144134275148,0.6554012016795323,-1.014464968405802,-1.7385072825481753,0.10057859029531674,1.7460582538719243,0.516142680152827,-0.10658671045599678,1.8685034874308246,0.5019607492599253,-0.19704180849870365,-1.5370814429452269,-1.9245127036519158,-0.6661043811882172
Esrrg,0.08630928586974926,-0.2037322005968329,-0.7579400783529099,-0.8446891864092616,0.19455978785524952,-0.8418749093684038,-0.9515071889156533,-0.31058033147588215,-0.7289257138263854,-0.8084092537435279,0.11518283776136372,-0.7001138724411853,-0.8240707912950812,-0.6123641121792662,-0.8955998947618028,0.5860885773809917,-0.6193741679024584,-0.7944458075789935,-0.11166309895377778,0.9872339436800113,0.057599905514009134,-0.07212646697190066,1.2216607904868464,0.21278176822317363,0.04023472245867273,-1.0968954999710043,-1.0986323004329803,-0.1395037138824623
Hnf4a,1.2276351208329843,1.2462918513113623,0.6288052327536661,0.328455571543672,1.3542590808667323,0.5277539584330241,1.3693705568522387,-0.030137398024785513,-0.5369129691364732,-0.7884524570622935,0.26904844693504887,-0.7076848031294607,-0.06702271533768976,-0.653311109170648,-1.2196194905234017,0.4823022534711311,-0.945767723348093,-0.05880246003376899,-0.3417429741612315,0.948922838915734,-0.22118923776264385,0.6525941692564549,1.4040260684983141,0.16585733124635788,0.9417364007101099,-1.3233117257908564,-0.41701040486929375,0.9421167621658945
Hnf4g,-1.3179517230198596,-0.4303329280862014,-0.8110624751456389,-0.5091789610012771,-0.5606852914042088,-1.161883146080905,-1.204009714330672,0.9933000969794181,0.4592310842278252,0.7106117523310324,0.5766648181324899,0.31928219738685654,0.2800459793401265,-0.4263918405903026,-0.1267339738825603,-0.3153213494769166,-0.6769158900350059,-0.7876479582086414,0.3410187918791224,0.15956445683734458,-0.20352130159191023,-0.26708919394246594,-0.15450572141866903,-0.6835513961677521,-0.5796939573732822,-0.38429336836164235,-0.40365728395578326,-0.07180110192427389
Ncoa1,2.3279171845114544,1.238326316460852,-0.04572520919928351,0.4414018405537644,0.34246455095080824,0.14817322490739837,0.8330930698765986,-1.248175857397736,-2.0849502914282096,-1.6525444864977257,-1.6463620666646623,-1.9727873413581232,-1.506210784025063,-1.3851605728233234,-1.0525674863355234,-1.1244147123475452,-1.32508028840775,-0.6413415612936633,0.5676965721571389,0.44533513607503294,0.20560450529463206,0.9057652884032779,-0.05475080183545221,-0.47313170558770085,0.3007326293314332,-0.32009858850871514,0.3349234784866667,0.7606025853917449
Ncoa2,-0.06387154045503696,-0.5624020110268505,-0.4766972663993215,-0.14583675967398868,-0.9181341401336445,-0.4184388825363266,-0.4229562517563737,-0.5252086873679053,-0.3546259704295838,-0.07069324151613215,-0.8353856268823109,-0.2524687434679098,-0.27154845677988476,0.08301912837480413,0.5536634920821004,-0.7084363710727848,0.2421182583211837,0.24199486786151012,0.3794376261687091,-0.5927838195829581,0.14904286349839052,0.13398613366784123,-1.0397520832075735,-0.3020421077684805,-0.24086010172223074,0.8372316469157556,0.7399337196062383,-0.01407708002263858
Ncoa3,-0.3979728506189335,-1.6976136014065406,-1.0211112490216168,-1.6504703920307606,-1.500504191219505,-1.6329525618243832,-0.8203603735960788,-1.3597829530672878,-0.5301485586837247,-1.0841279801992176,-1.1157848872604939,-0.852224273127069,-0.27264649811372943,0.7092179059775379,-0.004121886207839528,-0.10675537484209568,0.351946755615762,1.2347130399538049,-0.7483515648257645,-0.7259885916565714,-0.4291034590328695,0.3745270767559938,-0.08435101911910202,0.4306724541378985,1.0737868005428952,0.43047288207997875,1.0924630949935321,0.863125701894694
Ncoa4,0.3035679313716522,-0.4598133230624348,-0.5745861077568994,-0.3240776862476302,-0.6044492865492569,-0.4102676271031537,-0.28793516033443345,-0.8205439120367437,-0.7618433402132451,-0.5466456665976642,-0.843669372815134,-0.5751130914135935,-0.5065326535705768,-0.13502902501588465,0.16910540166761373,-0.3454812383728609,0.12813855350560385,0.26179729719966693,0.2843413971209133,-0.12869347453250463,0.27524341925400997,0.38826290237934197,-0.4236985244184526,-0.02662543221944065,0.08932045149768643,0.4180000416700406,0.4785525213793567,0.12637123961311503
Ncoa5,0.15441435449150556,0.3012692867248397,-0.37928311415992005,-0.4945957571888119,-0.13997165549039908,-0.5205482843892473,-0.041062117908036426,0.1492030855371097,-0.46249700488067513,-0.564183636022439,-0.2668485297594159,-0.5232859391184738,-0.17523290029265523,-0.7411225739628514,-1.089398721998832,-0.6305094723775615,-0.8925093138829858,-0.4253663929913489,-0.13976545866963772,0.2171886575593685,-0.07201963281287262,0.4085778981573915,0.3816817771028712,0.09035169820318567,0.5179507883501399,-0.3236868106651872,0.13398953554101248,0.5189194702966438
Ncoa6,0.28296990747571926,1.2552446589970554,2.69102578497268,1.355673857559058,1.0431601049149315,1.38343946900144,1.4454764492415704,1.0178674944674462,2.0700978917016317,0.9288915626558941,0.770350058329635,0.7704836032058986,0.8680767547464313,1.6007508854585881,0.19032582336878712,-0.027113010511843137,-0.07994856529090742,0.014002242750221333,-1.5208293926187015,-1.4825716942183058,-1.8356592771315907,-1.7193041109041363,-0.17952074202691506,-0.30145371372357127,-0.14277739226425215,-0.05401862052124397,0.03219951102179131,0.09862673943004836
Ncoa7,0.7517284359905418,0.6590372360433691,1.007129266713581,0.8617382720949089,0.809965671249679,1.3175968330039727,0.8825223621763768,-0.12868342533357058,0.20725432172345687,0.09041556979257517,0.14604774654297342,0.3024418670194245,-0.006629855890680116,0.3950628533694005,0.3075330003645451,0.4050477159339266,0.563658503680307,0.143938617480022,-0.15573604567480223,-0.06546558684307245,0.12556735745873335,-0.29438645605319275,0.07890088434634737,0.3520002661184354,-0.1255306733883531,0.198582293182196,-0.1919483067749513,-0.45250980260033524
Nr0b1,-0.29601607193749796,-1.2368051719537414,-0.7942064005327854,-0.8023736330728611,-0.992453314990799,-0.35861714408479095,-0.6713308207166175,-0.984002813723806,-0.42422396533331086,-0.4373833947115993,-0.7101294171845712,-0.0005432131197653846,-0.250607299315958,0.46152208651087473,0.5508326382331552,0.08327827166596641,1.1077040466876733,0.8181700536477078,-0.020482445265680126,-0.3609802046680165,0.5922311149313215,0.25730337992889085,-0.3865995614302826,0.7493077558298165,0.2609579033676097,0.9975805725629173,0.6061141461371891,-0.3535832187255303
Nr0b2,-1.0693711516140918,-1.4260776330796188,-1.5073984828940117,-1.0833502476017696,-1.4892111544188575,-0.9701691638012404,-1.7788570342820749,-0.33419441419817,-0.35920144204953164,-0.004959574196072602,-0.5343043634184758,0.23876618951426665,-0.39988396507539703,-0.1173100522991127,0.41615145104014156,-0.4553071956097736,0.7070093843130418,-0.1669147757520455,0.4739434327341126,-0.22502125193536607,0.8299253573732123,-0.027435228193761547,-0.7180698858524898,0.40883082856805525,-0.4834348460779029,1.0699911154378814,0.21157764527681247,-0.9153062029795647
Nr1d1,1.8172802258827085,0.6533571166006716,-1.0112943067447147,-1.4626554329698476,-0.08216152083395573,-0.8460785390865797,-1.1707731710866094,-1.3061212236594202,-2.468242059659481,-2.858196224907431,-1.623893477863847,-2.251651546997308,-2.5999265132193354,-1.8144509955890356,-2.9024818591472297,-1.013452653095315,-1.6458649934004232,-2.1177864944643883,-0.5405473102859469,0.9185915776022154,0.358474080797329,0.004732072949916673,1.5647248172562607,1.1272994994662586,0.52647849282052,-0.7240956846741838,-0.9586541609210464,-0.3774116152971163
Nr1d2,-0.6277785867042281,-0.4692976680812864,-0.05546385966718667,-0.9621717725805342,-1.0123261204295808,-1.184281862223057,-0.19797221204925336,0.19329916186585913,0.5038408323914345,-0.28594485163336225,-0.44746236077768536,-0.31468003067765493,0.4270582072981317,0.44503951174269085,-0.701463301049009,-0.984714881513571,-0.6533890923485899,0.37316892618695996,-1.0586138117090258,-1.12519326078396,-1.1363341826515132,-0.1364495331949826,-0.22996933753542176,-0.03713910328656702,0.8944773636685109,0.2088054345563014,1.0586225541555665,1.0649609569739884
Nr1h2,-0.8984051083804391,0.3296677142606689,0.38284127259171397,-0.9789390051776458,0.9984821774240911,0.506816978476952,0.44983715018537296,1.3366958182914999,1.1193107785246044,-0.06385572942450608,1.730960937207975,1.178657578943726,1.1844778442265098,0.06485184220747163,-1.7980236058725394,1.1511003612385957,0.1259736841976995,0.08125768989441509,-1.5834979255427315,0.7806528021352859,0.053784206298159935,0.004977179773247324,2.431633134417489,2.085707622115681,1.5339560127584526,-0.859355686967393,-0.8138535526932459,-0.05200857611329241
Nr1h3,-0.09941317976490217,0.4375714119006091,0.17335138588133744,0.21682719928142008,-0.3939733241769517,-0.2038222051903296,0.12350044334568733,0.5725565481617181,0.23672445024672317,0.2750694210459789,-0.29727703942018224,-0.06187951257777512,0.18872005524172958,-0.28143133944333404,-0.2876913482622197,-1.2205843936382135,-0.7306373285016795,-0.4154436340528473,0.05311376808558237,-0.6334393830740115,-0.41585486443538483,-0.07969994120205359,-0.765688908093109,-0.5755601332113361,-0.12600021417233626,0.33527730844229564,0.5934098019811431,0.35753073791158113
Nr1h4,0.3344501650746541,0.24732263088742992,0.9889972161517417,0.629493421147624,0.2672452910605792,0.6120233411304844,0.894437334333915,-0.1058353573969713,0.5582948904607373,0.25376755080639807,-0.025249683347357662,0.15365851073374373,0.3894517352616308,0.8190047886720413,0.5391451138912117,0.09330847308330988,0.3319454433893326,0.6764027997696722,-0.40578981154726707,-0.6803341835010547,-0.5694004495607491,-0.2606701632774113,-0.36869906463499813,-0.17764348274622013,0.14756620826024966,0.24070022750188474,0.4823831609281049,0.32557763201395534
Nr1i2,0.08577826736189759,0.5002804874913369,0.34509328279162366,0.9057121003163671,0.6607269944105391,0.828668842620733,0.8100101371944837,0.43535600519287315,0.2219787682803999,0.710884240094655,0.567345082071636,0.5364029901574107,0.5539175468050602,-0.1605121068597139,0.5816834085332279,0.380812340840376,0.25217642871770635,0.26405354057429437,0.6588290486956679,0.4245428522987629,0.42622444120568015,0.41792629879487064,-0.167503977015158,-0.3199862704104263,-0.24454332742064464,-0.08123658333568794,-0.07507900822354321,-0.0026475081749203497
Nr1i3,-1.4445277450812444,1.021206312607271,-1.1907291645205087,-0.42881101140017247,0.34883023783309347,-1.7009054314187986,1.3104693230194737,2.66922673548738,0.2433110139925941,0.8910264347958899,1.5655367386133792,0.03368515877432676,2.363673699159766,-2.407974716460382,-1.965514153343234,-0.8211012299250509,-2.960187618781414,0.16001350325736605,0.872501100336745,1.6013134874576918,-0.2938470606877625,2.7537929208511502,0.9487907400031906,-1.4718485400323016,1.738562918013237,-2.155859929469321,0.758986048637314,3.2930719503543275
Nr2c1,-0.18741441828628844,0.49143329527950746,0.5094002870316017,0.5824085464697103,0.5591440016389374,1.3935357251671603,0.5249400529273291,0.7263261892406913,0.6036108467472296,0.6692346261806376,0.7010646536498608,1.19873272035669,0.5842094724367711,0.02938645109581511,0.14602157564577994,0.23036483507710656,0.8413327100907438,-0.039789595699910266,0.09220386717684821,0.1412349447625216,0.8021896158224757,-0.06860270696982651,0.0687348643969269,0.8619386921386265,-0.15335045663278923,0.6152907636467712,-0.20876029022300166,-0.9302508216614576
Nr2c2,0.0424880402792175,0.8084428542421467,-0.1266226736586835,0.6985851264739786,0.748273316652913,0.4158776853004977,0.9909838439650319,0.8092052811691368,-0.146439903050703,0.5690127971476735,0.6889634903043644,0.2697021572984473,0.7355624796544649,-1.0105298685003496,-0.11903415830883979,0.1047103887387115,-0.5381758659120888,0.07534222460946065,0.9610169223166946,0.9998394864364625,0.5750053571752568,1.1632318347609354,0.18441232253572815,-0.5238025434484582,0.16220619431808167,-0.6083757083624483,-0.018403873815961917,0.6449804774080403
Nr2e1,0.7544794361326882,-1.5747049804879174,-1.229920762195456,-1.062970385157849,-0.7685758018599569,-0.7181788263621675,-0.013244335308946161,-2.4966160945606726,-1.7227357655699527,-1.5820661945982986,-1.3858796562924172,-1.2062973780398158,-0.7096639548063304,0.34750563842568344,0.644032775916738,0.8973764803754093,1.1423848189775205,1.9715500480473906,0.17781643413728357,0.3372269258501512,0.7517279161891619,1.4474683829452,0.20561929469505275,0.6911055057153364,1.1850174751843001,0.33732576606669873,0.927712178984913,0.7639316244559518
Nr2e3,1.333886999372126,0.5199714238406775,1.2040571225597665,1.349064599383934,0.5781882093840506,1.9679221066663577,0.059405654869408256,-0.9159165900735664,-0.13460637168136882,0.0042259410951916735,-0.5732460835397073,0.26285439141937217,-1.1898895821461226,0.7611506748120477,1.168960599389652,0.2222794345888524,1.3956533960661825,-0.5901999494410152,0.18578557611102148,-0.533360957361757,0.5490622582828809,-1.3695669377911843,-0.7829875660126075,0.43346258688692807,-1.4631535767713324,1.1569044252674954,-0.6531776589140675,-2.067732258263671
Nr2f1,-1.258917042696153,-1.407845004143938,-0.9937167002843824,-1.4106031632052853,-1.0490987754732963,-1.7891867274301418,-0.4111035998579531,-0.1065121438922678,0.2499715252484968,-0.12317752360085439,0.053231203930415444,-0.1976712128890969,0.8453762022937404,0.4269063882980702,-0.061357151989126446,0.2236475215090475,-0.15367202579716435,1.321454455391711,-0.5000835645339607,-0.22692565569195294,-0.6208194355909582,0.7602596179068161,0.23453387403336462,-0.12014333876036304,1.195573996958084,-0.3388138659824442,0.9107788077593518,1.4850565760193646
Nr2f2,0.7064852148650119,1.2362360496275515,1.3194100949487964,1.884718361051518,2.39746492140325,2.0834336365848225,0.8773685867854353,0.5321472526001968,0.5160891077012099,1.0176199353247464,1.7227639786207358,0.9095595003137109,0.0312746629199172,0.11561111121892077,0.9482159041901982,2.163564751381771,0.6597401542058436,-0.5897806936794736,0.6777380981348522,1.4730260577901442,0.527479412035564,-0.6706075270948467,0.9951717185404676,-0.22046473998937505,-1.2831139129854165,-1.2072006724122981,-2.1375543122654355,-1.2884521050208837
Nr2f6,-1.8828592992242188,-1.692123222807927,-0.6623605562305123,-0.4008017777592768,-0.7506462663154267,-2.172216650222629,-1.3058454772936927,0.27845336865448045,1.0837480328108846,1.298610940644172,0.872639186482002,0.07706643339781862,0.7240088515385913,1.0971021179708813,1.7184117287709115,1.0845671779806874,-0.2069806353521041,0.6913274447414012,0.2960231630235139,-0.2111786000279395,-1.409039033118416,-0.5478095438025549,-0.528075989339615,-2.0982201490580814,-0.7993645539397847,-1.1238448890777808,-0.26352592630644217,0.9108905454788839
Nr3c1,-0.22308131828430866,-0.02990085495337409,-0.1433181756463857,-0.5065061446281779,-0.5619911284068878,-0.4073191916848769,0.2788874827005727,0.21358985129429095,0.07253120971176741,-0.24443292797618352,-0.35499435093637244,-0.1018212986415431,0.42485651779891853,-0.12508695854859214,-0.6609841889805985,-0.8580386301634505,-0.3815650646371037,0.34588451674509396,-0.4257051526578565,-0.5117728238746109,-0.24118863564449175,0.4552778635147068,-0.15927837314432405,0.24854447121074721,0.83787503940179,0.36307634592492716,0.9394021680953446,0.7499692105789915
Nr3c2,-0.7620152342893171,-1.4402432675525227,-0.08614096751854076,-1.0195090606896116,-0.39838821563578825,-0.5292248309744618,-0.05170285200117737,-0.6870864083803884,0.5953619633926984,-0.2183189582160165,0.26150783828177315,0.2900796352470465,0.6658603689842149,1.458085116632502,0.523556919451743,1.307625529025818,1.1755721171868765,1.7594560450223307,-1.090141132862609,-0.3782924449077358,-0.4339003775403562,0.04948352625042247,0.6423848530559714,0.8608278455686645,1.099204937146208,0.01975830592324282,0.4403147081308891,0.5165591502533804
Nr4a1,0.9548614303142224,-0.2156764999154322,0.06908033591466496,-0.4792881072780632,-0.7644176390074338,-2.0577138443662726,-1.515997023690999,-1.2780767761168659,-0.7795171756516616,-1.2508187926189778,-1.5521301106146865,-2.376674814509166,-2.070536438231522,0.308338265240097,-0.373730889559859,-0.9308223060166515,-1.850538255147342,-1.4031410845746652,-0.6388242974726182,-0.9609503510499017,-2.173674856825016,-1.6314591871396036,-0.4564160688988205,-1.8393608561917483,-0.9122500680131769,-0.9919441718367804,-0.4367963811310851,0.5543718386634352
Nr4a2,0.7764811714467023,1.186263067182299,0.3719970352437007,3.9444850354937913,1.4010287290338588,1.5498992621878904,0.14520102222684164,0.4022891420231088,-0.361762984892299,2.743681450966286,0.6977472147042736,0.4521809628394839,-0.6061534449419482,-0.8704976638780064,3.8666747222352034,0.6381148033893694,0.1728287427695722,-1.3357938813218369,4.173123717709259,1.2610815699823568,1.1265336309011411,-0.2934894287634656,-2.66980840063824,-3.94793582866074,-4.305361803270259,-0.37703173350500085,-1.5816048481191745,-1.5196811286175587
Nr4a3,0.26568649767972347,-0.04658053631630978,0.22341547213921364,-0.502019946907353,0.023511674156015717,-0.33921519687978136,-1.2488087234708514,-0.341400651325338,-0.04095206102513058,-0.6679229288131998,-0.20299126457690483,-0.48865456149322456,-1.2228188127218884,0.2954604516992068,-0.6323660802929306,0.1004752759549878,-0.29191214262080517,-1.3211800572034595,-0.8432783066712899,-0.19668276501958756,-0.6137014993524648,-1.541716211121397,0.6050075042747163,0.32635393745513297,-0.6306767950973685,-0.36720925835090507,-1.158447436139636,-1.0131938484162122
Nr5a1,-1.0076981450545115,0.6127854745566061,0.45641361873060365,1.0347707577830734,1.2025947666526826,1.171285655644445,-0.3101350084914832,1.7565906543869332,1.2787412614380649,1.7790138509540114,2.0216183589213395,1.7680678337462188,0.6914849167677645,-0.15960011268514124,0.6091966777340678,1.095156282865961,0.46894986080932827,-1.1156089375411347,0.6810595510126607,0.9449397851950467,0.6402194364599091,-0.8591352894399056,0.3969793869682074,-0.08703397448145038,-1.4630332536699477,-0.4808335807870851,-1.7508985227484197,-1.6127384350598666
Nr5a2,1.3351430818125267,-0.517200046363965,0.32724958824569,-0.46967586952318235,0.14522934699501325,-0.21632027787448657,0.1939329347754674,-2.015372013448663,-0.89121860447257,-1.5749996962162354,-0.9938459417578858,-1.3543986955137686,-1.0858542728197964,0.9167874337007222,0.044649340785041396,0.930446077542255,0.3952436236378603,0.8666432786408851,-0.9252530672504573,-0.1588610042787227,-0.6139098780369768,-0.19052895832780778,0.7279694465593273,0.4306727677397327,0.7149919539565338,-0.4115812091626792,-0.0021273579207746383,0.4489643751576307
Nr6a1,0.3059705260998123,-0.08039821799028082,-0.632684924476277,0.4479360980467766,-0.11874986372564583,0.34868468639992034,-0.11004175693479758,-0.42149073534977927,-0.8140158393359922,0.12113247818980796,-0.375073533565857,-0.015710535252553757,-0.3696479634606571,-0.607829885101644,0.7280844450198933,-0.08128856316227762,0.45304979895277764,-0.02018926559778619,1.2520258014439145,0.4961301144459799,1.1162537815915576,0.639090631463874,-0.6683108129783882,-0.2341124047058583,-0.6101308246103332,0.5063008710569079,0.04564230804295324,-0.49969341057840116
Pgr,0.14552163144886826,0.5623797598562404,0.4194894730456616,0.4723742565032573,1.5101474601072231,1.3077841057963215,0.15771249463016246,0.43542235264755647,0.23358611516485214,0.28263541485061117,1.3396559214670234,0.8374592545129456,-0.011549897670211848,-0.14579252372176002,-0.10160950353467223,1.6548686343137882,0.6688831115415911,-0.5350608848790146,0.06748590727977404,1.3407235985435584,0.8233631307072018,-0.337117844123678,1.4442953119708197,0.9193259858841947,-0.38116432785922194,-0.7649107130064238,-1.7036998622672748,-1.2433689982655705
Ppara,0.18327233783550717,0.0228790565476502,1.0128493072004259,0.6099259345351109,-0.01959490117310506,1.1638313419870467,0.6069968398302775,-0.17725960409058447,0.7116878464311281,0.3689799398105668,-0.1747275539452395,0.6971784243251518,0.3047976805311084,1.0871469764427568,0.8135809010446067,-0.06221411128142473,1.1648505769799458,0.6418733982750421,-0.4561181131941837,-1.038845300820249,-0.03753544607175057,-0.5827775102514776,-0.7232618244889139,0.5360243279279444,-0.1057472906021038,1.1766838128457588,0.5730608453298587,-0.59048976284825
Ppard,0.6653339035348591,0.5406773879062051,-1.0861932443114166,0.2227200716364339,0.521150354728566,-0.33439577601209286,-0.776868899990133,-0.15901478246430864,-1.520559193151922,-0.38851859636950525,-0.060395241983635856,-0.8425903167068953,-1.2241872289426308,-1.7751945947686316,-0.41804895121551106,0.10314232951451513,-0.9873531781124885,-1.5403990433690713,1.5121177411845106,1.6974565514315778,0.9685126895181074,0.49628674999112776,0.43014706570411193,-0.746313590571353,-0.9951726590968811,-1.0403371950892073,-1.3399539427844132,-0.4965459498507377
Pparg,-0.596692910867177,-1.1324817867365151,-1.044615562853273,0.1628260100459744,-1.0122939479505482,-0.27005237591990566,-0.7287784567911567,-0.5430016806317793,-0.37578507958630997,0.6630379850602282,-0.4738470255150828,0.33395447144591034,-0.01684163065748739,0.07418126523553278,1.746802727203752,-0.08928796160062803,1.074004250230314,0.6231067500899833,1.394304917685499,-0.13293798748433291,0.9838034898095493,0.496047284195061,-1.5164756849433478,-0.577350794375554,-0.8816173238218514,1.1121193274467112,0.5784036921421181,-0.5131220206677591
Ppargc1a,-0.48413291820192017,-1.6271388779861977,-1.0285113822480487,-1.069574771530289,-1.5969271102913325,-0.8360717096465125,-1.8094582894359692,-1.1904490684046722,-0.4608157252395525,-0.5047437810711632,-1.1360009590945952,-0.1855351613842507,-0.9662557502102515,0.6251200221916,0.7053313318951201,-0.356047689312007,1.0841585879318758,0.05287064653596056,-0.06209369294009476,-0.8310381522303991,0.38937679986989226,-0.6275735821708558,-0.8753743718663117,0.554683008644409,-0.5282716891756144,1.3492260306645276,0.31559313391733235,-1.094520146229663
Ppargc1b,-1.5404008483934866,-0.2670337889586833,0.1217831530177984,1.0937263309606056,-0.9566956088628603,0.5922813178261028,-1.4240301551253143,1.4107397057416196,1.4584922795422357,2.2959695278982695,0.3819668618214284,1.8161855703765784,0.31417348308933,0.42155581661473945,1.8727791441850727,-1.1688627306687813,0.9251568907414313,-1.2367405252550248,1.1356379565230421,-1.2380994022841827,0.4550326026244624,-1.6000708608029006,-2.5079918047283107,-0.8930623271221964,-2.596546956486174,1.888461585293534,-0.11851385344454698,-2.2167891300472675
Rara,-0.0223525128643568,-0.3907338194246544,-0.15802711229467506,-0.6464121516090573,-0.48957160251679305,-1.0355970808016801,-1.1451156939540426,-0.38910440424868836,-0.11652412760275391,-0.5413488034610087,-0.45539499195284383,-0.7462470461655047,-0.8747557624290163,0.24776000966899892,-0.3699035446324108,-0.255101227969512,-0.5947852756229737,-0.7725167234377958,-0.5719744376754266,-0.41254444994034867,-0.8617531390372618,-0.9826285060029606,0.09588565369268635,-0.32264016259737893,-0.36864694179456925,-0.3563810777753671,-0.4373270060419464,-0.14358254896022357
Rarb,0.803417174826669,0.6191209946449232,0.016476285536116974,0.4202876931131558,0.5476906797031253,0.9321333367941176,0.6452625746979974,-0.22776805169169628,-0.6917691784856875,-0.33782967135173336,-0.15201770652944066,-0.02900186189859399,-0.24007452922612701,-0.6493522655974419,-0.24994020635304942,0.039662160715680295,0.21642526944790316,-0.06788660753882825,0.4713507722485535,0.6223271059474341,0.9271287769555102,0.6399080089595661,0.23908549111150287,0.5308342011410637,0.14458586955001268,0.17497711446100625,-0.08591045587918503,-0.2969917108657423
Rarg,-0.43509517172495116,-0.28649008061436926,0.5871887360444427,0.10861668625875531,-0.266658830204597,0.36935386165991346,-0.1573049108823954,0.17501299330061357,0.8882760482651657,0.4746979474104792,0.11134359835544201,0.6624975673853594,0.28026665392132577,0.9534093822147406,0.5352352310380669,-0.039490346630334655,0.7200116878714063,0.1875299243272287,-0.5502475851656858,-0.9000533448345409,-0.33198739112807546,-0.858283627893839,-0.47463374092687477,0.29654515442244345,-0.2730785950740933,0.7282078205322546,0.1837267362865494,-0.5743646048294654
Rora,0.19032836494309213,0.11920578233933678,0.9823741417010973,0.6587255854944196,0.5044795828222213,0.3903186369565482,0.7549604545194115,-0.08303364781211259,0.6792285053057338,0.40515371393485144,0.3270989340004829,0.11854143665506767,0.41396430958508,0.9498499304158048,0.7517263298303569,0.6455277171354842,0.2576438770407675,0.6838755538901982,-0.36404913846338743,-0.39696835023599625,-0.7866577894657423,-0.39535275017957516,-0.0903765525911334,-0.4961859884446097,-0.018986792168772488,-0.30153174041956,0.06615648315960536,0.4116935762787293
Rorb,-1.0923619957037287,-1.9082061314446808,-2.8144013768961496,-2.1755278551262114,0.26305161904040736,-0.6001340661431865,-2.3597097194438734,-0.8193584692498679,-1.4651892081091735,-0.9325424219854717,1.1831564262214203,0.5331228942881844,-0.8327977330893024,-1.0322612597979137,-0.44804097689286143,2.996818267043887,1.661041873456649,-0.2006447792223428,0.7065520125350718,3.1299619709297652,2.7800310454193515,0.9314831432502071,2.83361520779012,2.493389230539653,0.19073652384763454,-0.9513298586371188,-2.456265681190696,-1.958769876017379
Rorc,-0.2313801554980293,-0.6597597235940557,-0.45297945676994517,-1.2002239830205137,-1.2139900133113428,-0.3491715775586946,-0.9680347848959882,-0.44413114507306023,-0.18699878608609752,-0.8391176894215351,-0.979722095014572,-0.051373987817684486,-0.5425373632009364,0.21401002598023205,-0.7751263371459877,-1.0499522262903633,0.4291813084161179,-0.23751847987194072,-0.8780517461195554,-0.9616765913074558,0.19084673318649856,-0.451276398896038,-0.2227415389078688,1.3531547358876146,0.42500162891301163,1.308694059490522,0.608569067056469,-0.6919193846128392
Rxra,2.8904250026586378,3.203842966986711,1.4603493229261095,1.564809936478984,2.914575204666914,1.754954085796996,3.8055088834008983,0.2143584777568163,-1.2815066640572301,-1.169621018052516,0.36798017944457995,-1.2871111635729362,0.29682727091141536,-1.8508417133147086,-2.137962562215259,0.3337281700073389,-2.023342765278294,0.16405672203093552,0.14201469227920197,1.9348338866304777,0.024020454984814994,2.154630228836057,2.040560186053507,-0.15183322377238664,1.8824333774470843,-2.236188557192308,-0.12093223468975098,2.305599688636474
Rxrb,0.6136631335011474,-0.3670484893521658,0.058068061421440144,-0.04542065353409848,-0.33803157312701987,-0.6438604508885399,0.562214543769797,-1.0632379018571825,-0.48919359119185657,-0.5760038621952265,-0.8490247240197032,-1.0253427284264764,-0.1291396150415101,0.45943536942649577,0.4302262967540292,-0.04482478986015611,-0.22176897175796115,1.0842070055769655,-0.1199385709194197,-0.45254539465002036,-0.724049166092326,0.5056238919328347,-0.39226826279983973,-0.7311401686419907,0.589766160747036,-0.17573272171596016,0.9218839057523799,1.3197074628636274
Rxrg,0.14018503498257198,0.22339003018000422,0.1715988391532746,-0.4305723224177964,-0.4338510413080823,-0.052528920864657186,0.2543282955930422,0.08239386512021811,0.02467837793020909,-0.4961880466207313,-0.5395227623547537,-0.16426785122470125,0.06894943799166284,-0.05245861034754156,-0.8961465402744148,-0.9951638575220425,-0.3202266929403548,-0.0007307030180353897,-0.700181548434002,-0.6781968159021027,-0.2600421518882682,0.05609232564354221,-0.07772593597039941,0.5756653854659797,0.728789242531104,0.5390934123260583,0.7605158684460448,0.33818365008791323
Scand1,-2.0626081019967937,1.2816884062882161,0.8687334068327142,1.5310555540795148,2.5334284591966427,2.3857911505103604,0.9738907843341968,3.6244967411699287,2.5609739278026256,3.1320640019205235,4.207618286253243,3.610347176236792,2.6733535454279447,-0.4280992947325573,0.397580587114599,2.319552343230593,0.9152436983235277,-0.5404530988127698,0.7847076218605966,2.0836945290696427,1.3774542444004316,-0.03660649262691004,1.578292195318372,0.6809887105264889,-0.7921572362370082,-1.0936500557223132,-2.216472890967206,-1.5095031450080858
Tgr5,-0.1185875592671953,0.4862183760924004,2.7335630018711403,1.0547024448599742,1.6945793232781172,0.6181402486988525,1.706153577585729,0.6451396090106614,2.4596007017191037,1.0188628682083523,1.742801875596276,0.563446016910209,1.444117687542712,2.4764868604740453,0.8068213212150608,2.052531144136101,0.053298411889005165,1.2720277602704526,-1.9210114755598107,-0.765392019228492,-2.66437489912204,-1.5034126888196884,1.0207083313980188,-0.8029029509418442,0.44606564847264857,-1.6975890567943248,-0.5284386793337991,1.2165448235837721
Thra,-1.726952274180189,-0.8181429950119493,0.3362021800193684,-0.44254305201451544,0.19544318528793694,-0.41583280102988296,-0.9253016346140963,1.0323561987081808,1.8071717538719771,1.1260654803785377,1.6569037272572817,1.2371562115045658,0.8770858070570722,1.251043873620162,0.4865032259934944,1.4170266341425048,0.5497904587581585,0.009471396987233082,-0.9039188684201269,-0.10926935309201898,-0.827381365173328,-1.34505879000125,0.7629269392461333,0.1427852627303225,-0.387780399753378,-0.6771231439152079,-1.076006232920337,-0.5723975303747235
Thrb,0.8430614313530809,0.6517904707850048,0.39911834972368765,0.39713527042824637,-0.6470993661381716,0.8548982915881059,-0.20796398682202127,-0.2367634898988779,-0.3968980376804101,-0.3925843788869458,-1.3434450911855151,-0.12161185305318374,-0.9440378729864892,-0.26454254001662414,-0.3258789485572427,-1.9144564223707066,0.09834941550029806,-1.0519073025964853,0.003191050804563139,-1.1551653306029075,0.38780263513278485,-0.6866528906289341,-1.304525390468845,0.46947856227075885,-0.6466980224729089,1.726219459543749,0.6030420753015194,-1.1567620184405796
Vdr,0.0937370368710626,1.7886216135867175,-0.47159298606717737,1.5832177162128862,0.5943140308862729,0.6425064096251039,1.673281841824652,1.7905994214448973,-0.48871915565624036,1.2917989588450722,0.49622847059377173,0.39154122016149534,1.2216141519050243,-2.4458799297344354,-0.21123800592432307,-1.4647664796771864,-1.4750196796225121,-0.4070246452876083,2.3908268856185497,1.1662930955040334,1.220730977290074,2.2703483104338047,-1.0295741755392689,-1.5592762430226195,-0.18093095062190995,-0.17471659897967198,0.7870557136674673,1.1537798074910124
negCtrl,0.671113824104505,1.4094949646488362,1.728496629616715,0.5619215798668613,0.112685736697396,0.9670328649988547,0.8897596198880253,0.7544658541151001,0.8996629165837053,-0.09924630189221903,-0.4611046873707582,0.11517142987067455,0.07374918087731189,0.3778878005713701,-1.1156847837783905,-1.7228404309950955,-0.6904450785151863,-0.7946211440965602,-1.3371940941548437,-1.6024119811138657,-1.0994064666863623,-1.1438912721950432,-0.49453241255309194,0.3633320111436557,0.21922185339777597,0.8020311608712578,0.6671226465965268,-0.06446062183896605
