target,sp_Mn__vs__mln_Mn,sp_Mn__vs__si_Mp,sp_Mn__vs__mln_Mp,sp_Mn__vs__si_Mn,sp_Mn__vs__sp_Mp,sp_Mn__vs__sp_Ame,sp_Mn__vs__pre_inj,mln_Mn__vs__si_Mp,mln_Mn__vs__mln_Mp,mln_Mn__vs__si_Mn,mln_Mn__vs__sp_Mp,mln_Mn__vs__sp_Ame,mln_Mn__vs__pre_inj,si_Mp__vs__mln_Mp,si_Mp__vs__si_Mn,si_Mp__vs__sp_Mp,si_Mp__vs__sp_Ame,si_Mp__vs__pre_inj,mln_Mp__vs__si_Mn,mln_Mp__vs__sp_Mp,mln_Mp__vs__sp_Ame,mln_Mp__vs__pre_inj,si_Mn__vs__sp_Mp,si_Mn__vs__sp_Ame,si_Mn__vs__pre_inj,sp_Mp__vs__sp_Ame,sp_Mp__vs__pre_inj,sp_Ame__vs__pre_inj
Abcb1a,-0.4036442852431346,1.0289712684281478,2.02633175420033,-0.047575352678213646,2.776573297801613,1.2572645729334935,4.9824962583929215,1.252502033308909,2.5443929038851554,-0.0003367673176859595,2.965685437271145,1.5835221970644455,4.608731157265319,0.3506298761482289,-1.0724822995485523,0.38565770917014053,-0.7010702992580441,-0.6012111849354737,-1.4686948839417335,0.1631626295744235,-1.3059174730973413,-1.3093714778028738,1.6364142548033531,1.2205814141249294,1.0796910531628463,-2.0626761307779806,-1.666139795354213,0.48008722666068876
Abcb1b,0.24071865263837752,0.6208399382867462,1.0996698160017957,0.03681642334360593,0.9080878279748036,0.4110614880355935,1.5862287256055139,0.9329571533860658,3.6236638471924856,-0.10278991848700306,0.22153858219006534,0.305845186681962,0.6067333208801534,0.24154022598623734,-1.1020147395614484,-0.5791471084320434,-0.6270333096765301,-0.10503547273415047,-0.8599538814295481,-1.0190521565641475,-1.3674726817928897,-0.31296443684714764,0.1651850274219634,0.15876314797386246,0.3927949982688125,-0.07968545899114626,0.823512424049372,0.5860464274800545
Ahr,0.6385954778563693,0.5441005181462837,0.3235176915997328,0.6187199964184866,0.04801081502432938,0.04226583791436152,0.0759402650286748,0.4702902645374487,-0.14155320177193223,0.4724884390789477,-0.660576694012061,-1.1641285548678353,-0.30678899279518634,-0.6089438411224357,0.05331344447776476,-1.0571731035308893,-0.950034467845169,-0.5459579364213801,0.5081522270565403,-0.4222847215837504,-0.40551637937730867,-0.27279206131159994,-0.6180120529227505,-0.7564906310768841,-0.4281940663222735,-0.025850285730758062,0.07607958607975436,0.07610647865691064
Ar,-0.3023734321445788,-0.3628264358507434,-0.43234248507599576,0.28183243129961943,0.042500431571224566,-0.308957910782464,-0.5882750110876884,-0.17291180929359962,-0.4394729365129309,0.6173800610966393,0.3435030562748795,-0.1854618429971968,-0.47210759436640165,-0.05340037974158525,1.0258736330401386,0.70115399247578,0.08441829137496097,-0.13922512716349503,0.6051476988065833,0.5691223598920633,0.44338458385169066,-0.1983667408110726,-0.3943851989491187,-0.4824969958345732,-0.6329312650926993,-0.4589477897617352,-0.6710137297391316,-0.4396505537525592
Blimp,0.028280206851879354,-0.00953781741201857,0.03027491042284112,-0.019225863507519793,0.0052182633714735055,-0.0013524540215161158,0.15277880435071717,-0.03223983609537512,0.010560920016164852,-0.04704909721787539,-0.019571788215626114,-0.02977714419027895,0.1446068956582026,0.046357709987691655,-0.011748777879971143,0.018429969601259272,0.0097772794970555,0.16339772432704447,-0.047141085932692596,-0.0312825907374101,-0.033393014177073035,0.14671858985535097,0.024146189769764785,0.018757008979634643,0.1511167101465398,-0.00831155142409057,0.1780759969123525,0.1769741371595328
Cd19,0.29195480522290324,0.16432135108097157,0.13450787837765904,0.5780392415666004,-0.0009117952616349154,0.26426159780221414,0.8823759672869396,-0.006891682368187232,-0.21216426478010178,0.37272433760978485,-0.20688559558549147,-0.08800175312287155,0.5258957531596646,-0.09930507493450379,0.8826069559635071,-0.20044838365753828,-0.05008599019053958,1.074105397508723,0.43584341984478964,-0.11993610230980435,0.06344254658917922,0.7445394450639718,-0.5219377766435146,-0.4060835414943623,0.35953306906448107,0.33246074354334454,0.9646249211557946,0.758765403481616
Cd8a,0.16978582616083876,0.6033372752095246,0.5956822143506388,0.5090640997765372,0.11849487652630555,0.3642740371656498,0.40398394872207033,0.5990225572853313,1.2338752875969554,0.6041581991115957,0.04731478688002962,0.300542053503985,0.420254429219183,-0.4264647378958581,0.25055993288809836,-2.7540539282815004,-0.7273001375119025,-0.07013862241142604,0.3885233453827165,-0.22601669169305527,-0.037366719802099775,0.255019020675963,-0.5837367401313187,-0.4463970562404608,-0.18655280325984896,0.4305633390691994,0.33451612641680123,0.22477189417288085
Creb,0.30744720840258044,0.054283302949377395,0.10633845454585043,0.39803265429046764,-0.022150896040622606,0.46466354426622386,-0.2520080513927261,-0.23832596269643402,-1.4966011426875725,-0.0324007714254811,-0.23470345545919577,-0.20388969943371915,-0.3672272245483752,0.09141855346763483,0.20327421695529083,-0.06617328344892419,0.062364611743911724,-0.24262563820309918,0.07591125301787938,-0.120162653687116,-0.027757415792366992,-0.2881080951706611,-0.3007543912225576,-0.22569480837080835,-0.4492633531017989,0.1806015182732439,-0.4766508565328405,-0.3825408817898681
Dmrta1,0.9875512560212392,0.2146745158426712,0.48046808952757974,0.011295315685999643,0.3157151803101155,0.5816548897299857,0.8252334824118093,-0.10788746140735993,-0.17799338732198458,-0.47954755003470634,-0.32396852534499365,-0.23185447010089136,0.372586551786495,0.01913252017142279,-0.31965192585039137,-0.10896127779407765,0.017333321547754892,0.3259696745533161,-0.39014026925354955,-0.23308214388863335,0.007661909719099448,0.5113051625824869,0.1699685758095181,0.2488593616282132,0.5452929060532892,0.21000313202009382,0.628725708323439,0.5777800979854655
Eomes,-0.2160494051160357,-0.3605491484346901,0.11955110880512133,-0.028217258089584113,-0.14782473867906354,0.025338098206049715,0.6538265473025076,-0.41699700035914733,0.507867604846027,0.17391709004117123,0.08136861671046507,0.3195645731552462,0.991715998387924,1.1806346992386596,0.8132868397717954,0.5399859574839789,0.5514128982568677,1.051897257578391,-0.20495438360899315,-0.41845487616632354,-0.1568516582872446,0.5652557886534161,-0.08466027851346476,0.05437509763517093,0.5447464490474572,0.29065678648674104,1.2328469222775182,0.7628357152431381
Esr1,0.6482311977470402,0.4369047532881909,1.6526563744356464,-0.029962041586039673,1.1491693250703112,0.4225353719892968,-0.7155844288752016,0.31827683268269086,1.430743485602403,-0.3364160513118231,0.35028981024597255,0.1568884520553735,-0.837291463757508,0.44557019773982154,-0.43349459328867773,-0.21093890974090979,-0.2562879116626519,-0.6719741244346328,-0.9136652621427614,-1.5502720163181598,-0.8906683438553309,-2.205584179192799,0.42490924178907374,0.2762974889795658,-0.18929567488306756,-0.14559848099331424,-1.7251390283233659,-0.6701877146394212
Esr2,-0.284920349580097,-0.3757547468411976,-0.43788019240028736,0.17282424578483402,-0.7081885331172358,-0.2337786323957636,-0.15866210721066915,-0.40183586576969244,-0.459639169676393,0.4584379549190029,-0.7434936622310467,0.08049018173702661,-0.05720864217836098,0.07401673998174152,1.2568595086966852,-0.29493478369908144,0.37390001882065693,0.3324958558379996,0.7366103700010478,-0.7558334220297733,0.40215199024250686,0.3922231168417851,-0.9606099932530973,-0.29623078232556027,-0.3758270790746077,0.8592091923544464,0.6562520096170428,-0.08614206499995379
Esrra,1.1618516845404612,0.860421914736241,0.41362881195466217,0.38297039262458127,0.8362616496601512,0.9589949668960688,-0.2976666080384528,-0.16936468748603076,-1.0483074819969374,-0.35465227927639914,-0.5682256951273824,-0.15179355552402943,-1.170603524929171,-0.43302601842197547,-0.17946314560116794,-0.19327657171821558,0.07288276979652412,-1.002319505294516,0.12783386519530118,0.8884182759477967,0.5043591538058484,-0.7830281905766776,0.04175953355030758,0.42539840977340754,-0.5172658759244617,0.3448615411239316,-1.259491760035644,-1.2129005065996874
Esrrb,-0.23670062535235947,-0.4657334731098574,-0.774946889075027,-0.2821628082105,-0.6752697231250797,-0.8396999760507452,-0.6474929760521952,-0.22925155812771558,-0.9601818607200304,-0.10054663005441836,-0.4974436482068842,-0.8555858682541534,-0.8455944427273009,-0.45860981362120046,0.3470924842954537,-0.18884831325506127,-0.3554760398320283,-0.3270206354029094,0.5172006095511898,0.5822448458944305,0.16498710744603984,0.07350482747282126,-0.2823368936562153,-0.4791966611177081,-0.42116888691336724,-0.4747152857838577,-0.30472309582039764,-0.06403141389498025
Esrrg,-0.38445222575704785,-0.1185103588956865,-0.7142348691882958,-0.055228642040010774,-0.7223104537368982,-0.8267899200456108,-0.4773254223079494,0.09476495383429043,-0.4380336395436012,0.1816025458589595,-0.31854935616805263,-0.4789948386234393,-0.3036617170104354,-0.6355115395376488,0.036088877791968094,-0.6383423737174319,-0.6132726808208137,-0.3671494326730406,0.43727820436068526,0.14647234106299384,-0.05232063159278732,0.04833662604627809,-0.33901863680475836,-0.40582472611871273,-0.45174614762713466,-0.3579394409305857,-0.03340362386186982,0.06751970370655334
Hnf4a,-0.24362688246021275,-0.5162566411722782,-0.20331341631601804,-0.09862907701071005,-0.5861860576140072,-0.7032130967591702,-0.4002903953532078,-0.6148206638282024,-0.036030347722421883,0.013056724467242955,-0.7423595595723669,-2.1140653325923005,-0.41547798979137657,0.8051445868545435,0.8327853202258698,0.25813891732676997,0.16202133635591687,0.42943054912380196,0.03343266555736858,-0.48668061550479325,-0.5755228387254722,-0.45161316490015235,-0.31201990607495905,-0.33991618674203455,-0.26976505487562724,-0.12948491397369521,0.12638416772188105,0.21589189640301473
Hnf4g,0.27422645623038316,0.2500525119520226,-0.46214859034862726,-0.3669438813509493,-0.3243212635054772,0.09572971369651893,-0.09986808483344074,0.20337287353474665,-0.6225656704368715,-0.6434448631160955,-0.4197299403800505,-0.06626845974424124,-0.218835214791708,-0.5190660141795104,-0.5600926305872375,-0.47423040216426043,-0.19034923281513355,-0.3036875476008276,-0.15877340420977565,0.05409423270771835,0.3412485770115497,0.17561143957506065,0.20031666457614788,0.4188364366217613,0.22146537860036192,0.6006166715199182,0.15030838764155194,-0.2328428315481432
Ncoa1,0.575373414704583,-0.25167772780836234,0.18244184788287096,0.650942601712975,-0.23740651686437164,0.037623910208872985,-0.2896491311217203,-0.5620880430251876,-0.6004803660358408,0.4989060357717388,-0.8435483066021005,-0.7999849877404521,-0.770426323765014,0.4135208212779917,0.9821402989069725,0.08447617446717398,0.243812809993926,-0.02235141140221566,0.6576896485034025,-0.5014563948573554,-0.250779363129409,-0.4862171941430966,-0.7632741838442619,-0.6809085559695642,-0.7569143642281159,0.4188654796353517,-0.13886073459757423,-0.38210722154330623
Ncoa2,0.46890823756360345,0.44425722303538495,0.467134413829353,0.4862114933966682,0.5664326549790114,0.8055862016963202,0.3766002573722907,0.2706467722342544,0.143118759512151,0.299996539986529,0.22810267653070906,0.38274425097272813,0.056803775516338355,-0.2124281909596507,-0.039262288589262145,-0.2071268073567165,-0.08424507125697035,-0.2098165736794008,0.1409469012152904,0.00950860224055957,0.1636239991981711,-0.07303825814819091,-0.14233635205302098,-0.04394510890860562,-0.16736418679653356,0.21317314486253558,-0.10158741335803591,-0.2388485258053501
Ncoa3,0.10288285827793572,0.7327648581440243,0.550470385828525,0.6999141102683021,0.36987393753715775,0.06827215093334857,0.3589560802452065,0.7631332785841848,0.5750115700947072,0.7385427935807292,0.27426977709810063,-0.0035882482662886253,0.3772427724094067,-0.726617648531702,-0.2981701709430913,-0.7541805221450663,-0.7058648423954201,-0.37514526466141784,0.19125248040423123,-0.3976108145246634,-0.4633609458297702,-0.13865625534435735,-0.4959838517355666,-0.5592680917765317,-0.21999673848436377,-0.41500225237714694,0.23976398129198065,0.42683049391422034
Ncoa4,0.36152353381473595,0.6559713316147229,0.32950219593384855,0.5373793789070263,0.37402387605323756,0.391470734606146,0.12438973989108001,0.4112749807227057,0.21492069910004633,0.6011925925509425,0.12421817507730933,0.1300444799273262,-0.10669496369632066,-0.18647873872666845,0.17766969866760424,-0.4011537886687055,-0.43573299093223833,-0.6273693402322948,0.48030667778595315,-0.10329066183326358,-0.054470008022166616,-0.22591836304675506,-0.3823571046411781,-0.2996474619061802,-0.42253392157640146,0.02350156745342505,-0.2051386325177526,-0.2671118817389031
Ncoa5,0.4673843836751451,0.15894436953659863,0.0899935971555511,0.6572179394170842,-0.20295812546101877,-0.32450036549743094,-0.10115389584937201,-0.23802709125201937,-0.4883034992810964,-0.11520848239064593,-0.6730808737067608,-1.3054442729513602,-0.424914606558651,-0.027607652338531515,0.18958679035440376,-0.30888239963675745,-0.4078372665712223,-0.1766761583070033,0.1208960267763333,-0.49527078390925366,-0.5638208720059947,-0.2625115641602696,-0.33205244748818125,-0.5003842394926878,-0.21794460416880612,-0.07607546570540984,0.04659092309828376,0.0776194154292715
Ncoa6,0.015396236075188448,-0.6192441553980181,0.019063356897654142,-0.5958347888919319,-0.08501895400075189,0.1983332673136646,7.5762925795148455,-2.4006530475728494,0.027556818043999006,-0.8483390407632254,-0.048587902575456775,0.12571912025614895,0.9131681506567132,9.103649106599448,0.26091469162060876,0.8849170039356443,0.9518517552513961,1.6054790676239428,-0.7952912374073349,-0.06289118780646462,0.09987373380702674,1.0229796310649772,0.6815842905430117,1.0003250199846174,1.614862312154245,0.46208610387724375,2.996005335875523,1.709986942295075
Ncoa7,-0.4109543856807319,-0.7247953656816454,-0.3513281098796164,-0.11715668086646999,0.1546104544662005,-0.06807284671639899,0.03740858794709319,-1.1882661359980105,0.12839422583821133,0.08205590725635506,0.359906870546982,0.44597613352383186,0.260889921075615,0.713720702370148,0.4579056341061076,0.8092449116071719,1.2659530782646924,0.7095618625353002,0.005864515648048443,0.38061711857453445,0.0982871719083832,0.16238328864881438,0.43548639679263634,0.053326334075596483,0.10198814085507897,-0.20674416134897186,-0.06374545744999074,0.10212074663280125
Nr0b1,-0.05336658439946198,0.49119413226713193,0.3066024320927011,0.3442973909065408,0.8223898170376152,0.2575803289724391,0.19316834057481386,0.5724491137753221,0.374998192497641,0.39308111711408117,0.7999634116003884,1.1456194102409887,0.2280353436324471,-0.6052235238928145,-0.1567096695727243,-0.2055274036150222,-0.3706985432837731,-0.2924729440024734,0.14324589200100502,0.20372997179243274,-0.11965054923731958,-0.09479185327152799,-0.0002589585712505873,-0.17624392617147144,-0.1587672232451279,-0.5504329569450264,-0.27485983637936995,0.010372261717097393
Nr0b2,0.2719983691780887,0.7012134752913033,0.09738993974559278,0.30275917037898675,0.593183779568247,0.3397112993851173,0.24117793179600389,0.6202562021100746,-0.10884521712276209,0.1445482028022196,0.36808551538654655,0.22303590899913642,-0.08200645474014844,-0.7820429759706662,-0.6254557179515241,-0.7653192929350211,-0.6302315709687002,-0.6797446870596369,0.15796823128165643,0.46875239565749904,0.3134607610593344,0.013450384287458355,0.1393652059639745,-0.002239909832602322,-0.18180227994945639,-0.2904635084885664,-0.44427456858360853,-0.2278068340932939
Nr1d1,0.4510280050889075,0.0544895000328552,-0.5103380500104182,1.4196974302025593,-0.43661409400937135,-0.7678785813697397,-0.3819989611036729,-0.3878154841764269,-1.4024484584878578,0.6020572124979087,-0.5920997812832143,-0.9955353925821696,-0.5526808074929114,-0.8234085853819756,1.3059036981920578,-0.3821666281980887,-0.59055553714177,-0.3586257506983948,1.338681965161493,0.1509102089423891,-0.20862912371112416,-0.0015561733566882593,-1.2609419875185894,-1.2328147495057726,-0.9920701327681796,-0.588558493214592,-0.20487924819082018,0.24594961656818126
Nr1d2,1.6985233806376203,0.7324454249079779,0.556097309801523,0.33487141643775353,0.1362758179939371,0.25144053164693125,0.7424452832960677,0.36329351085862044,0.20532474525364838,-0.15996809286057526,-0.41198126479495206,-0.8592567446213458,0.303146693265513,-0.11900583898789638,-0.5905923362565074,-0.5807144727022935,-0.6730716122929142,-0.05893002863378848,-0.30650773296498307,-0.4824136322733725,-0.5146687087095999,0.07211022624396525,-0.16580625647424185,-0.23895992156602605,0.35628890367039334,0.025062115884463138,0.5278782685426179,0.6465611105848258
Nr1h2,-0.6098998298843457,-1.7295329048303314,-1.337139879001536,-0.7923142840385102,-0.6553520511348214,-1.1649713219980704,-0.4389428778218931,-0.17125418857999392,0.04430681748755307,-0.507176326079345,0.054960822966818625,-0.7299385355517924,0.02985537441754757,0.7569448954301334,-0.40170996565115774,0.3919947706874736,-0.45499154899110283,0.20573370847458033,-0.5232741537121784,0.036823596921040876,-0.7088592459043795,-0.00267650232797209,0.5807321359902453,-0.061149781160945785,0.7458029407968854,-1.0292200210321836,-0.02938843554336981,1.3442336224765754
Nr1h3,0.845735634580652,0.2157671372023557,0.30707742731731413,0.16895222947202063,0.2914356577434765,0.5469514932499955,0.8854564329371728,-0.3199693048675551,-0.2679903956490543,-0.31434436644126307,-0.5108968054612921,-0.28525569522915417,-0.19660684666724107,0.16643336742235676,-0.04368931531500204,-0.10463642268048441,0.12786279915190432,0.0922146596701684,-0.07897625809085657,-0.1726297356572398,0.06823249226603778,0.03996902558999405,-0.04611779775585311,0.18086281535846715,0.14696248956086122,0.5049599911310009,0.4557817037984599,-0.04091766286755549
Nr1h4,-0.1261508555004845,-0.1333470680838716,0.42714770364692695,0.010856594205552895,0.2881703775465847,0.3327349593322027,0.7313569483348196,-0.11614304301833243,0.5147612600290389,0.0435498879339233,0.66296656425183,0.6335947015580718,0.9319651669095486,0.5260983071060527,0.27151369750748616,0.28218447910076033,0.2751458224297489,0.45818348899942557,-0.1899469263621177,-0.23418977954010467,-0.09445679578914405,0.18024883461730595,0.06224591411702995,0.09865112345553234,0.2259483845254573,0.24137878526522177,0.7321752740231885,0.43057691082282495
Nr1i2,-0.39120129428402806,-0.2695804348340245,-0.08283497572130634,-0.31876761048623814,-0.07455580926651728,0.14665223555422005,-0.314198040264243,-0.19739696950810173,0.24808773953394458,-0.23662895282852847,0.18725059966166158,0.41909027612038946,-0.10845843416940744,0.3448754406255975,0.048468532152880175,0.37542714026682833,0.3797246905534244,0.16619524899275284,-0.3429259105676805,0.0025310319345868914,0.23739092358770572,-0.37854550065889364,0.36455211572304363,0.40128130792049926,0.18345347150684677,0.2528159281291876,-0.42314687622951547,-0.5044308089979573
Nr1i3,0.3767457609755945,-0.1579421063027831,0.6151128836345504,-0.6994791772716992,-0.8572837116639551,-0.3804934811592977,-0.5922049059787545,-0.3995207726392648,0.08550602794688587,-1.1891619518789933,-1.0914216122557001,-0.7379950256215202,-0.9203751978253801,0.597163989418385,-0.9245225544949869,-0.7441177391261928,-0.17578685043687434,-0.5251944907695497,-1.1522631564644423,-1.391222035995541,-0.7481587649545836,-1.098271302012315,0.01667818043315465,0.41434707164124174,0.1347942939940466,1.3916135227439637,0.18071452680140856,-0.48748902117163134
Nr2c1,-0.20193449860554996,-0.19748586885235214,-0.13575891063138326,-0.27865459156098227,0.32932297151341877,-0.05142137896849998,-0.07851651840329371,-0.18902525948186807,-0.03734380529516259,-0.31982692543371577,0.534746545095524,0.20729559042384663,0.018217019348126386,0.2206153004159994,-0.12898074921965627,0.570283770270014,0.23204608084417827,0.21115805205672034,-0.29091816313399016,0.6008039252874618,0.17646173335145043,0.048508683978804625,0.5317791633903269,0.30705910559089433,0.3101081195879747,-0.5886819708168237,-0.3836936589313308,-0.057938789388092306
Nr2c2,-0.051971088537329006,-0.33827375588844405,-0.026899570406874462,-0.8630485847099295,-0.3573537981796257,-0.09879351521220714,-0.33685868846633293,-0.2703468096832592,0.03970191240109257,-0.37379130468932564,-0.49732689485189097,-0.15563215649765264,-0.46315442399865714,0.42839218678196134,0.020571450675201466,0.14908575114177125,0.2415030228101618,-0.03421874772687429,-0.7028164409157541,-0.41288650444675057,-0.09324241011716237,-0.40251220495465007,0.14363769069790874,0.2806177575043854,-0.0476695835238752,0.6784711736026229,-0.23629668928439693,-0.4160511465775431
Nr2e1,-0.4211756077318497,1.0845604599791154,0.7505555938840488,1.1829874913027782,0.19776792178308478,-0.11521501700568404,-0.14072892086088953,0.7178491797570372,0.8169398492245851,1.1958060337656677,0.6285535338798579,0.5509129893664253,0.26688665821779806,-0.012702310831128624,0.719153750295641,-0.42778397827561376,-0.5704584935173681,-0.5058862054516419,0.5520546016236788,-0.4123892161081212,-0.5583935582854039,-0.554557205831666,-0.8968875593473796,-0.8956773354283749,-0.75501345262503,-0.4393236357668087,-0.39200043744203605,-0.10660618663781644
Nr2e3,-0.15563616558017823,-0.3649589271425318,-0.4257036088894273,0.25337982003753723,0.5652268856072831,0.6185724905943505,0.3374955321848238,-0.3919172960232174,-0.38373274027157833,0.40820130302468277,0.6118984978322928,0.6860713750980102,0.3961080323695017,0.04245811027039374,0.6015917601810804,0.8098998774393354,0.7209255067671589,0.6152982126134847,0.47261862859625753,0.8432016950490875,0.780764573755087,0.9258086387949711,0.12362709774975847,0.0020199869648787248,-0.04983227018277606,-0.2676739888570926,-0.23246974932554967,-0.10115855600351695
Nr2f1,-0.09193825349521176,0.3277760894726079,0.33378689204520784,-0.03434236896337482,-0.1539647252404365,-0.09582947615553089,0.11007788974621249,0.6760412344014075,1.065577416675137,0.056731555953233384,-0.14754003970012167,-0.2138209817941242,0.3295931535651838,-0.24529548477108618,-0.4492793728378882,-0.7691184653064926,-0.6830871315027883,-0.40553384743435406,-0.37608177501091133,-0.9187390799674008,-0.987579101732211,-0.4246265577055552,-0.12628579504196355,-0.06494497220527297,0.18342428067955072,0.11168545547778473,0.7995916757010234,0.37802517153203
Nr2f2,-1.0162232491076764,-0.9457309887110823,-1.1628293342175546,-0.6282632774232876,-0.6874888488411495,-0.45316580155666636,-0.6458362666407241,-0.6286428544965385,-0.37933734785846673,-0.24928006764527524,0.4157245040989788,0.585728148409585,0.08561336238304347,0.4962370550659857,0.6383261639004824,0.8794765287701845,0.7574453440587021,0.8709784056047997,-0.015327234079398965,0.7551997887382428,0.6284781977797015,0.44578825927973986,0.3597698118743393,0.3923074529830989,0.2922666058488019,0.16266959622819338,-0.26336864747548405,-0.3228040370512144
Nr2f6,-0.5258723015143586,0.27308715760375035,-0.12827073300269912,-0.5510656748230163,-0.5449236538722357,0.32066510995519026,0.10987607695573802,0.8202106634336894,0.3323052319473788,-0.17500051912365994,-0.1104162270877569,0.7523496097436676,0.8177876250041185,-0.5474928010238749,-0.7978401851237222,-0.879100202216196,-0.145525863766178,-0.2791702411598468,-0.44481135088448953,-0.5946971581150099,0.48184265845275737,0.25200070397135704,0.049343688751862534,0.7277593025259774,0.6311325271454212,1.0946329231819174,0.7305188565609311,-0.1358674191390626
Nr3c1,0.45964968982170745,0.29276142010741024,0.47901261685711816,0.2151663766485994,0.194291455853296,0.07344432950738322,0.2784598064735104,0.01799688715376323,0.535802692725752,-0.17579671918732304,-0.2907939088388382,-0.4352995118610795,-0.06558190667097515,0.16913907874460532,-0.18002185732172865,-0.19639278546098182,-0.22526735152674285,-0.05975741692906779,-0.333718128205201,-0.5276135724681698,-0.5384187862293509,-0.22756963612029685,-0.06070530470061812,-0.12733290245117476,0.03521207834010078,-0.22484782361225886,0.1663252177146937,0.25396168854867907
Nr3c2,-0.6984012151334215,0.23705266973024888,0.25156163473281234,-0.13799928013320328,0.014105956238529197,-0.7014887360929423,0.3492968025684674,0.5960415994230139,0.6886120387555527,1.0841121479511031,0.51407649172742,0.29146245110510466,0.8506448914355691,-0.0390877267162123,-0.3100179590351138,-0.536134644757002,-0.6238326192285214,-0.043169956906547055,-0.2584331273865757,-0.4221520757023564,-0.598285894552292,-0.024694441591875813,0.12498051697677463,-0.1184332784790239,0.34934374166718996,-0.60658121407916,0.24676994038018882,0.8343956372807465
Nr4a1,0.46044673740036063,0.3833018809442346,-0.3217951214370861,0.7100931345857556,-0.5035664686986818,0.7541466557597756,0.48911260641412857,0.10250533174887835,-0.610419586909244,0.6308453989847149,-0.8727410573769516,-0.17921895852110528,0.11484231048732953,-0.6572688202376872,0.8380003226693276,-0.7959177368294015,-0.24187313995533813,0.027674200685428883,0.8405254738862222,-0.3110400346306744,0.6998961166596271,0.7609226376073164,-0.906983811411024,-0.5723440912053095,-0.28708216852609436,0.9205552423958674,0.8095753404513539,0.32592566392095923
Nr4a2,-0.3373807030579984,-0.6610288296620612,-2.7224302886659806,-3.0358535547652816,-0.2189551187612726,0.6887100650497207,-1.2375885576188481,-0.4178574769927903,-0.6759877937608876,-0.21143441308035096,0.06762039017595271,0.89668823252723,-0.5452349119845756,0.07115104670363627,0.3681156866291406,1.2501638274364095,1.2146724567856293,0.1583257684754703,1.116620328968746,0.9357181190249609,1.1229250806752098,0.25112715864036944,0.2645139085112679,0.7087771640551136,-0.34792132099087264,1.136249422722706,-0.563727225054508,-1.0414649386589416
Nr4a3,-0.05204845992810902,-0.020370862841296796,-0.585759014404241,0.08450248357592673,-0.4051316688800793,-0.4714168635705051,0.1286803037852916,0.022158682379446203,-0.805813978540565,0.23279693555931708,-0.13802950406481349,-0.40740082800490846,0.14154221704117068,-0.5510980494053159,0.10379160785756501,-0.3574776686144751,-0.29978813871941323,0.11782476098299462,0.6736424863646864,0.46744507208116426,0.41182163122142884,0.9026784407651061,-0.1909541960992372,-0.3231614031786439,-0.01689244576045493,-0.20815709193829535,0.36704081682698136,0.5815036628482733
Nr5a1,-0.7599179236803345,-0.5086706227607911,-0.9137314289047874,-0.8148989174838033,-0.24502002809116058,-0.24925609343673052,-0.3821490153175363,-0.2702007924725629,-0.6754050831574331,-0.8311908233287201,0.23370170500119317,0.32709356221626973,-0.07078073887417882,-0.18249440669785472,-0.4018182708154752,0.8154873243709434,0.5314078043553904,0.1538387727074635,-0.3486736018228886,1.0569741389361378,0.8689418315928528,0.3517861804741993,0.7087393394579046,0.7050195088759861,0.6711712878183544,0.065675991649536,-0.22739695172129915,-0.25336353280843144
Nr5a2,-0.6618267491106751,-0.06100237574437893,-0.0017702894849868657,0.37045676525023624,-0.3553981095422296,-0.4951704619712939,0.0858594159464099,0.25421188817204904,1.0711259641645121,0.8416027871241978,0.4041937038540495,0.03807865828729283,0.4145904684622323,0.08893037286656141,1.0526694363822924,-0.10371419077854642,-0.20299419331702712,0.10934669446293625,0.4310569239281794,-0.4724216872920585,-0.6891866554676641,0.09244383508101052,-0.5576920079970935,-0.5974228042085399,-0.2746866823585727,-0.3069359911626265,0.28467892675706385,0.4604628447285643
Nr6a1,0.04771177956024992,0.05974331767136468,0.030660075637548374,0.20287070471864996,0.4156055673851235,0.30797318221793896,-0.3895858839087491,0.04485966867624306,-0.02410377957445127,0.438657078608236,0.37848231058177917,0.5015546357899663,-0.35646364276378506,-0.06216462842723438,0.19125709616501224,0.19399961330189414,0.20374784117312483,-0.2809736508469383,0.31602042546907033,0.5795504879985661,0.37335165955390165,-0.41347021355635055,-0.011108475387739535,0.07764473862757382,-0.42337681097305435,0.12819232168745676,-0.8038557888126884,-0.6082582994002333
Pgr,-0.8036707277257938,-0.9961615095975482,-0.7807229018119561,-0.6661872709306074,-0.49999046157838106,-0.7109447248727581,-0.5370377361658333,-0.2605075312311844,-0.4637190663973334,-0.40846189604221583,0.2987620227460992,-0.0785669708362258,-0.09004208349548179,0.0693459746952249,0.07292858033565364,1.007446353373161,0.2237487903800878,0.17297772183537433,0.008415705738771333,0.5453780738046311,0.3947257202398961,0.22350725727351947,0.3986470717482507,0.20629056552933883,0.1503529315472102,-0.4396366261160255,-0.333148472149135,-0.04137753628362864
Ppara,0.09116108991219014,0.008330939066413516,0.3367280092417888,0.09143004202527436,0.8869083405675411,1.0760430193176986,0.6527995319108375,-0.01014170794586594,0.40569794892859445,0.09914706954402688,0.924716786413337,1.2241000952423087,0.7540398043133409,0.3599391977750327,0.12439919523452495,0.5463687505437471,0.26680599489916806,0.5792973413590521,-0.22836026996404526,0.45216047666262976,0.066600833529557,0.542537329828694,0.38977442261013917,0.19896975098160047,0.6591360845327847,-0.46668050939233346,0.025781707975469383,0.30130824106410997
Ppard,-0.05233183106585129,-0.23397947256773544,-0.6764843183143404,0.03693612454352055,-0.44927436040037183,-0.21348403534635482,-0.7736016981294346,-0.32562026874992717,-0.8519310469679108,0.09649210082271445,-0.4430413389608401,-0.2458107571541283,-0.8160217425106002,-0.48786415966685326,0.3299464388967969,-0.18302048123621595,0.14773312049312384,-0.5346770097620225,0.5914687269280456,0.3553288349988146,0.638014998631526,-0.26124487294499643,-0.3503307490332661,-0.20357101192811808,-0.6677636235989158,0.40834410226508777,-0.4954926299389215,-1.0389430352110085
Pparg,0.06269192933871538,0.6090228050065996,0.30731598664849236,0.3033952479542977,0.6359199544454872,1.0391498227311629,0.10727939266127026,0.7323422736133014,0.45717505839285616,0.40755665006442005,0.8152937289888922,1.021773875337886,0.05626974283491828,-0.39712437771831777,-0.3680806408156609,-0.18880201416777118,0.09539196432586704,-0.5578718051281991,0.01059648698727524,0.4191242556122094,0.47547918493731384,-0.2847005123014543,0.2166433648949102,0.3902749888856242,-0.2195418252907341,0.350449178143504,-0.561219857444165,-0.8104143972540431
Ppargc1a,0.4529892976202905,1.0269039398801825,0.23305640448650816,0.8582179917039544,0.8649207652219708,0.8086764394714882,0.5715252333696129,0.9520722426652257,0.03909717893315905,0.9887796759197368,0.6283098030209221,0.5538126243913197,0.3838548627138649,-1.2074608588550844,-0.27932899949583984,-1.372169691505719,-0.6538182526513665,-1.602623079179172,1.0165240666864603,0.6907361874363,0.30975783520192707,0.4195462745924717,-0.10341953510277646,-0.2956905398593518,-0.26997795639831507,-0.3488326152133654,-0.6702083380889668,0.0410845327059027
Ppargc1b,0.6168515945405775,0.31284060421476667,-0.06569111923326051,-0.15288294872887548,0.797030734478322,1.077528094836132,0.9345290051287504,0.10949938281617393,-0.648944380768739,-0.5304416712950635,0.6242225674640196,0.9470913412054044,0.18252537953732045,-0.5144949809629592,-0.495771568448612,0.2682238876181254,0.38273332310046776,0.03660425373614175,-0.1672619706210785,0.9296845616283319,0.9673780961212173,0.7645773183924612,0.606217642186583,0.701167007233356,0.5661864805811209,0.4864436534080586,-0.16816917442360835,-0.4390367438685795
Rara,0.19424752353495406,0.27927736483454785,-0.2612629211702468,0.311803963580387,-0.23871735151985854,-0.07741071024010654,0.23747634958244068,0.2754158834884917,-0.684465184503063,0.3785632444068074,-0.6836248731758361,-0.4586853544497139,0.18723462239174743,-0.7151286384713083,-0.016777198274727338,-0.6574197985384954,-0.398376159798525,-0.08856378998572638,0.6144456733098493,0.14401011978666692,0.30502707226554704,1.1960014030028474,-0.6586733899323671,-0.4647513169152992,-0.07219884923370808,0.37736253574200396,0.7206260835084946,0.43208817162687246
Rarb,-0.023841109597424498,-0.29611650790882044,-0.05168881291325262,0.1358417748887451,0.1118813762694324,-0.17860241318116366,-0.3106487009634287,-0.26562836905305776,-0.043786727472864426,0.11417096256181662,0.173128550608471,-0.1517857298631186,-0.26728517297352866,0.3383008902822468,0.4443128857263733,0.4573635525514141,0.2529091033996289,0.020841320683922235,0.12259355097346093,0.3210844238733957,-0.13215016190630569,-0.3216937981489232,-0.015193489652603004,-0.205029439610001,-0.3510502640217198,-0.4441113693997417,-0.4345970543483289,-0.2633279756093758
Rarg,0.022922235681970705,0.10521420838332372,0.09062058826067182,-0.05818863746156916,0.3995276171855262,0.4308601413579535,0.5437490395280421,0.15252525067420522,0.16267023063130887,-0.19592606907040377,0.543010439982775,0.3631056258303985,0.8332820459898337,-0.10303332107624788,-0.24891891285619322,0.19422988767665225,0.04665309575945047,0.29723643057236177,-0.24938752839002434,0.45973259021177665,0.1550013355490412,0.6702510377890072,0.43543366532010436,0.2763940219331128,0.6274035884612338,-0.20298001068271734,0.4070253864631392,0.43611704874395
Rora,-0.4299917288160382,-0.30164117667541984,0.055794424448363036,-0.2197516717056559,-0.25658751254984724,0.07335681944707391,0.328099184560317,-0.12006672973041455,0.5578524272544544,0.08397489668221676,0.2039590597273262,0.598414682283091,0.4979740011027225,0.59847305878628,0.13639867503305111,0.2470804475175726,0.4164702814271061,0.49088480394081313,-0.28707697991576897,-0.30034523915910427,0.013525467718780854,0.253357723810831,0.1169679534098461,0.41924583745298527,0.35461496958612043,1.2946408057613699,0.4713873658777308,0.21304500615042285
Rorb,-1.2140209370577981,-0.12694212408802397,-0.8169134910748106,-0.43473370543349626,-0.5171703526197916,-1.056754440197955,-1.1130955571963377,0.9298029948618969,-0.11334531798294066,0.521271936751056,0.9284398156033692,-0.419313744865705,-0.7516694093909523,-0.8784626210140659,-0.4266640881005123,-0.29281189534126534,-0.9855699571510936,-1.2153125841600252,0.5663306238757614,0.8124858917566329,-0.12389684079253484,-0.6419898977537207,0.26506418515424346,-0.5801050783842214,-0.853775125151612,-1.1988016973677513,-1.2345743851738797,-0.81314423504275
Rorc,0.7570750593573486,0.6362754364454982,0.8486858476495993,0.5977034461272062,0.9802681888522615,0.23392446511549744,0.48312834115748526,0.2817553890513769,-0.1861079496684463,0.22161842953386018,0.2322896539303879,-0.4981111706510767,0.11583400147246063,-0.47865286202544316,-0.15094446188488952,-0.19248502047935553,-0.6809368017764792,-0.1868313691880342,0.3041216060100411,0.511897022403254,-0.36006334567678355,0.22179191262813824,-0.02718585330611527,-0.6251717802153149,-0.09909846467656516,-0.8969473166014098,-0.07996007623248835,0.4688143543200382
Rxra,-0.42247929705700515,-0.8672499057651262,-0.11337309626460046,-0.6370623789471657,-0.9084016908903192,-0.6997493326677126,-0.5534993493220046,-0.9284217733774561,0.22667698920703686,-0.22020185394530037,-0.7832169962984309,-0.7080354906421448,-0.5166507903966527,1.0797273157864755,0.8726579441875327,0.7663238947514381,0.9350602352714875,1.5101589998528657,-0.24553489461766062,-0.8599851763840515,-0.6065549492588205,-0.5897612701460155,-0.5374081025260754,-0.40894414174772,-0.37155507185049197,0.09692403165754832,-0.009670542003207527,-0.07357507716984243
Rxrb,0.05834302905704009,0.49484452365399406,0.5073755238883362,0.8942328532769729,-0.12021343934817959,0.4135260967660574,0.6342336276017676,0.4188836462217323,0.656648201608238,1.0209261599149926,-0.13458608015421591,0.40616926149058563,0.4470956174340971,0.30934959740813545,0.9196128650313503,-0.433765112542012,-0.03905391483035289,0.08415550179044695,0.07071954560597964,-0.56644963163111,-0.3105566518083655,-0.26220319802153963,-0.665332577178028,-0.4308062876988891,-0.5524709917174006,0.49903786984748866,0.5478723579103577,0.11012281173394013
Rxrg,0.8826507604722961,0.346969431834876,0.4409797787992957,0.37224152883952716,0.48824621634401216,0.058019433579917234,0.40050265412130187,-0.1416796667316534,-0.000504708033239472,-0.04757565396114136,-0.270249557570669,-0.6847805427839403,-0.04079888394314547,0.1405714737865076,0.18916696638874528,-0.04597713977221396,-0.33738372739184613,0.08895711117075866,-0.036450192814718355,-0.23573493344680593,-0.56561025463342,-0.05016873847370895,-0.12465541090597802,-0.35660943427784886,0.01211824791393302,-0.7483275979305339,0.1668507582837208,0.46061750528930634
Scand1,-0.784607273290096,-0.6323013297780041,-0.7001612248436087,-1.109581067515188,-0.3862918978870494,-0.6482244198728929,-0.8284341871364336,-0.44458981585366625,-0.3328902785555657,-1.0392124788066084,0.9467859815375873,0.10885020779900788,-0.22050895288695052,0.39292926589139626,-0.6482012016459358,0.8142072065094043,0.3513224701584298,0.27815717141392,-0.8501707678514064,0.9424538671196249,0.21409884049876993,0.01858395546041471,1.0611177888107406,0.8426042472777083,0.8139057170756306,-0.19293691019553796,-0.8164160380769853,-0.2495248324227409
Tgr5,-1.4965600006414745,-1.2993345589475656,-0.41244765580273324,-0.8446588949716513,-1.0726492054831072,-0.7769561238729478,0.3584532950635908,-1.0512391584765637,0.9096967594284492,-0.37963798481925237,0.03461067679112284,1.4107166159271993,0.9979211415145349,1.2313434541740156,-0.06768865097781034,0.41383767328549326,1.7457012525402607,1.1124861871319438,-0.8287705163873613,-0.6259471346039052,-0.3483097681412557,0.7122118955280924,0.24722190631819352,0.6098960204124213,0.9166257028269695,0.5001591987172741,1.0157656192386222,0.7918051806111898
Thra,-0.5272376761900169,-0.07231738952366196,-0.30979953897543333,-0.5741442677644152,-0.24693170254617292,-0.35372304408000915,0.03700990865762854,0.3140611841255268,0.00403872891536001,-0.8599113803776467,0.38823537698009336,0.3027711131161967,0.5148938450506348,-0.26739348508890515,-0.6050207935156764,-0.1416476114454172,-0.1792102417593094,0.09661976886039164,-0.4343129168166122,0.2681985732175758,0.1398357802062683,0.5617696436387455,1.026228971482201,0.5816600891968037,0.7922409919730935,-0.07906773122165167,0.4169106738760203,0.3662729758336562
Thrb,0.9998326796859694,1.3942394297255798,0.33594579962427923,1.2703263951431523,1.7219803965675753,1.228881866236744,0.43755239926591305,-0.35029851184549965,-0.8827272797639122,0.10909007985662887,0.051796923923058895,-0.20397935655788077,-0.1386230202934867,-0.11921502286399242,0.7385416602704278,0.8704958031889816,0.41296930719116215,0.15326446526957108,0.453641088035966,0.6137783253484318,0.43625544278371714,0.35302366309707056,-0.10463726106573648,-0.26437811800555067,-0.1396759246093794,-0.3968527912248228,-0.14512913559145915,-0.001314720592644483
Vdr,0.9071635381780961,-0.2107886036662447,0.41645320329957064,-0.1778375743617769,-0.11043824372699348,0.7723982162827665,-0.4762058217676285,-0.5548653303238463,-0.29498749956858056,-0.5619802108721064,-0.9250025434298497,-0.187904117396085,-0.8350070415671121,0.4937205244898408,0.10954523195613215,0.2025864790440967,0.5213792757133054,-0.28695512472337625,-0.36269771996493555,-0.8534931617165213,0.10473812325830595,-0.7416489303145634,0.12384702641588682,0.4317229278094519,-0.28063328675751226,0.9099450535074992,-0.4376375796199055,-0.8704311812198948
negCtrl,1.2436296193564427,-0.10916884035577318,0.6296816155521615,0.3939787306234489,0.6262180733789735,0.7334302310139198,1.1027625600057451,-0.9078550555335498,-0.5315574870950298,-0.454133325045857,-0.48810013441959565,-0.7275939167962607,0.2015830305032146,0.605600910795179,1.105641988034339,0.961075923605863,0.5822209537393545,1.0075027031303214,-0.04733885791714671,0.039172883332866185,-0.19187023710341033,1.0071981298715222,0.10539707280777384,-0.09267510355673564,0.5112509087337557,-0.27457094888408207,0.5693427314548,0.9385496451351963
