target,mln_Mn__vs__mln_Mp,mln_Mn__vs__pre_inj,mln_Mn__vs__si_Mp,mln_Mn__vs__sp_Ame,mln_Mn__vs__sp_Mn,mln_Mn__vs__sp_Mp,mln_Mp__vs__pre_inj,mln_Mp__vs__si_Mp,mln_Mp__vs__sp_Ame,mln_Mp__vs__sp_Mn,mln_Mp__vs__sp_Mp,pre_inj__vs__si_Mp,pre_inj__vs__sp_Ame,si_Mn__vs__mln_Mn,si_Mn__vs__mln_Mp,si_Mn__vs__pre_inj,si_Mn__vs__si_Mp,si_Mn__vs__sp_Ame,si_Mn__vs__sp_Mn,si_Mn__vs__sp_Mp,si_Mp__vs__sp_Ame,sp_Mn__vs__pre_inj,sp_Mn__vs__si_Mp,sp_Mn__vs__sp_Ame,sp_Mp__vs__pre_inj,sp_Mp__vs__si_Mp,sp_Mp__vs__sp_Ame,sp_Mp__vs__sp_Mn
Ahr,-0.09872411707213265,-0.483186070911966,0.3589648845852303,-0.7817369339046306,-0.8420264782174309,-0.7010982666992525,-0.4092116846796905,0.46505481736070653,-0.6449638469498453,-0.6631501525359474,-0.6506124898959077,0.6799135703449738,-0.19172066404036697,-0.41797150557416546,-0.472148069450066,-0.7250451837251937,-0.029555493565913665,-0.9343798996858887,-0.9692703873689459,-0.8939274050691532,-0.8932201509466324,0.2261538002151176,0.919372460484922,0.08674175253002785,0.13582981527330776,0.9759079014389433,-0.05814358853623094,-0.13338872424451045
Nr1h3,-0.3560313655827002,-0.21333152289433585,-0.3926940791967742,-0.2502310837084101,-1.0639399328485066,-0.6703664464341057,0.059779124522153795,-0.16375761358874377,0.0673743349112468,-0.6595581011682664,-0.3803147132807814,-0.17490904783290734,0.0016860720389497335,0.5541017042755857,0.28003050470942686,0.2878907049723815,0.1279125788623092,0.31179663498161686,-0.2927284822200827,-0.011975365299920285,0.19272428088019564,0.6441294450866216,0.39478126695531396,0.8165011680933497,0.382914589783551,0.14287347846341356,0.5158655424941989,-0.38112430740346176
Nr1i2,0.41091934365840727,-0.1149891881471775,-0.5112097683690983,0.6042284940746049,0.3551326087382324,0.31738735076684965,-0.4312715662181643,-0.8603788757412393,0.21768374640083366,-0.0038802485741924243,-0.04120570675605962,-0.35732823564584676,0.6797540498603415,0.4932041234535489,0.7660726635683891,0.3164475930642456,-0.06401747973162848,0.8735899621285333,0.6814916027395548,0.6750290201982445,0.9096496715432197,-0.3812829885869576,-0.7134836787880676,0.22837687162027576,-0.39996932836848265,-0.8168652827092593,0.3143450603718529,0.034134029678612544
Ncoa3,1.726691431062501,0.9183744997803783,1.9468218637725745,0.0031204336741419677,-0.14227773629138188,0.478325633965594,-0.41655284575419854,0.8371050275808505,-1.4550007478496279,-1.4710084135994639,-1.095770497338799,0.9691897823043744,-0.9935764977590628,-1.564513057635361,-0.26068321910658404,-0.5559258989231368,0.5484504975839457,-1.385801058850795,-1.455440358571225,-1.0294441955207982,-1.8317038982999647,0.9319997002114483,1.8755764682506333,0.14408990674256644,0.5051389398053286,1.6917494701952909,-0.5698527526543476,-0.6124536633293487
Nr2f6,1.0137681857950682,1.3948150505245387,1.9480060390031804,1.9286918763202465,1.1551775070339647,-0.2127787310288171,0.5938834525495346,1.3462214493423847,0.9679994060252815,0.23203721917599063,-1.1749989665423946,0.618131624542657,0.3004113890408756,0.3661615314505455,1.0843022041796728,1.401117374340909,2.4057902161117224,1.7482008120810402,1.1640450736746648,0.16313262536394818,-0.43541193343918067,0.32658054381854407,0.9293010562913946,0.7322893943732537,1.587835099055875,2.237777487020128,2.490836567918549,1.3425114687756121
Hnf4a,0.02227142588353236,-0.7238366225331349,-1.4330469330798803,-1.3953398403493933,0.5018207209840456,-1.1310988422413986,-0.7440569551974079,-1.5870601841693481,-1.3113779637934955,0.42454881525600346,-1.202226550600404,-0.6897779278646482,-0.489814763444936,0.0013930108782635104,0.017098823064137715,-0.5689399374967247,-1.5339007444230195,-0.9892040498199751,0.3595822345518922,-0.8357433692732756,0.3718990706379965,-1.0303488277567623,-1.6335656331042205,-1.8167028976430681,0.27466263113473627,-0.5924081470864061,-0.24423335494272305,1.58039786383519
Nr5a2,0.9884188489257983,0.908408388111503,0.4657117066957359,0.045861625580544886,0.7780536160988345,0.4130861664419274,0.15594089740617492,-0.22331835410095355,-0.7908435710558909,-0.07517136813496259,-0.4706188213363413,-0.29368417037083905,-0.9437108182434262,-1.8119182287773385,-1.047714793428368,-0.7670008593902704,-1.2982999922507594,-1.57251324225657,-0.9980951334004966,-1.2951777072470025,-0.40616222221662907,0.20645587424569642,-0.12545084905381046,-0.728329306372945,0.5517050050722528,0.15307857770153624,-0.44138281243874433,0.3552932970985832
Esr1,2.0220680451352395,-0.8219479600637659,0.6387592791618575,0.1928432398805063,-0.5589011118443232,0.4010050110738477,-2.3784090437932535,-0.8007642901503188,-1.524633395449557,-2.0453924099191476,-1.4345477531205266,1.1785042855302656,1.0657817366352507,0.5369983326711132,1.945068969957313,-0.20690569742020148,1.1979084511368991,0.6143828122846167,0.05811046877494182,0.7745513477008713,-0.46675225514252494,-0.2976556475164791,0.9723532672037217,0.7387569980719005,-1.1887110271199919,0.34961804088394055,-0.2578589088904684,-0.944393090897245
Nr3c1,0.44206551376161407,-0.06627876409761611,0.028149832656247153,-0.5820103376289105,-0.7517083594891767,-0.3346968923107356,-0.4047739206866485,-0.29711737510168595,-0.9150503029351739,-0.998995385638318,-0.7596605354820616,0.07488594260566322,-0.46206500855579835,0.2251596590820429,0.5294686502546654,0.13242222399150091,0.25157782182486044,-0.22023273200327276,-0.35185471238852345,-0.05180135566313888,-0.4384799762536559,0.5309266999389122,0.5568039805395402,0.1882074456635841,0.23141351467959406,0.311164421260052,-0.2684838114859488,-0.40728667473685226
Ppara,0.7508352559132347,1.0726525138284984,-0.019266617133297814,0.7311681092048582,-0.0721375216285184,1.1535855949402727,0.4983447346682354,-0.5791646999127116,0.04683300239802864,-0.6404195773708186,0.5300330691851168,-0.8380450216337815,-0.4918781760941119,-0.13391692102984937,0.40345646067480184,0.7375633737295539,-0.1525403712714842,0.4075784155114316,-0.16734703475839888,0.7447791651610439,0.5347580236894004,1.0164573317630523,0.033198105356237226,0.773459000892043,0.05516649468619486,-0.9886933911134788,-0.5420528835844152,-1.2102958318321924
Rarb,0.007861634227341275,-0.5550783262317451,-0.5534801907611121,-0.21615010625954537,0.015172513799900847,0.24079163792015953,-0.5651463863666003,-0.6113711525503812,-0.20860195177730753,0.007292904518556546,0.24776570756683114,-0.05114296673515375,0.4064924832384813,-0.18005052659509566,-0.1677842405409446,-0.5893112204305762,-0.7681230983785273,-0.3161366163913491,-0.14441661671318676,0.020805359347596485,0.370660525723493,-0.5112876203189224,-0.5144059219152265,-0.22286095801395267,-0.7766492448970708,-0.7975881845741358,-0.5370439155724198,-0.2227874642833953
Pgr,-0.6798394098225936,-0.12060558870680052,-0.7007927408199839,-0.11891992517812865,1.9278525646741178,0.9228228646956385,0.3997634820200703,-0.2655574717499507,0.46351040228140683,2.205401821444207,1.5697547352267933,-0.5110525197588088,0.02190370345379641,0.6063059057898774,0.10093502887980474,0.40165589861148676,-0.16017590276441668,0.4510019251994309,1.930556463862291,1.233153062843569,0.5799549860739204,-1.6037660888127758,-2.0371986888515763,-2.02918894108586,-0.9357046876117706,-1.5688756134827861,-1.2335515773662673,0.9878343557455587
Rxra,0.2051609453926198,-1.3621285904505411,-2.3351487527180996,-1.5369154128357427,0.21827316994427645,-1.5576538332860907,-1.5198925031880686,-2.6925013308629593,-1.6050823478661536,0.034123315090126706,-1.8339678152427177,-0.9740436753744944,0.07174028068446821,0.18449019476712364,0.32274588738946974,-0.9315222379491691,-2.3049733248318662,-0.9513814770633018,0.31675244120261187,-1.0069624435826026,1.1207160611004787,-1.3930491038337252,-2.275134994029057,-1.6930402973452143,0.001544626166397704,-1.2094388395674844,0.09191544064325784,1.753624011556744
Hnf4g,-0.8613399807842468,-0.40131987616015824,0.4458062822847997,-0.12232623568177281,-0.3335457962893919,-0.7124190527583452,0.25724416470516837,1.1169631673129325,0.6100958512716609,0.36968826979156477,0.03560910089516195,0.687073816812459,0.32381667555137356,1.085541983279626,0.4344905954240619,0.5728437584135588,1.529251527382926,0.8737310865824264,0.693345252555841,0.42479036800570824,-0.5027240972859863,-0.09960525312532423,0.6379250240663641,0.2122013593958727,0.2294511013004222,1.0683287766453415,0.7138537229972267,0.378959023852402
Ncoa7,0.2300273941411712,0.4222463486195128,-0.5924512741531734,0.28016923931754406,0.32840103852597424,0.5743724063326361,0.24650214482253932,-0.817082173912083,0.06706685159294604,0.11173547761228389,0.3973694525191068,-0.8341334811683031,-0.20072998435203623,-0.08941857417965243,0.07675995995668826,0.2596336928430537,-0.7173127747604705,0.12251984781111154,0.1606616715996347,0.35184048883202046,0.7576089265218621,0.120648298481465,-0.7688105410648507,-0.05716176920108806,-0.08576723308830611,-1.1191191044547002,-0.36586528597445234,-0.24626935232868244
Nr0b1,1.0636823920319605,0.555997073322205,1.277771356949497,0.5739171738606762,0.06052562501502415,1.2667276472203193,-0.26323034850500304,0.6009882130797451,-0.3733998804793599,-0.773002862553199,0.34700359629838035,0.6712615530993747,-0.07987176218817776,-0.9949693061728571,-0.2063097354818333,-0.383890741376158,0.37247560679008085,-0.47727515055236364,-0.821885516447244,0.05652743696670751,-0.8017941543098405,0.45189100063523197,1.119368761189113,0.4891141027716467,-0.5604684982555063,0.31276565679150725,-0.8584217728583123,-1.1932847480361388
Ppargc1a,0.13442493137233338,0.6381055970947214,1.4648006353227465,0.634191995795432,-0.32404212485088657,1.0738760253631214,0.5369135253618311,1.4993934810457694,0.47719213912220837,-0.3878101545564215,1.0139287972385322,0.7752587274050108,-0.10997866107127514,-1.0655960607135357,-0.9304497788676168,-0.37156123399615704,0.5105290026395402,-0.48702317990016253,-1.1513462653240305,-0.13523655392959344,-0.9322197315919022,0.8255262122318135,1.5575527883072304,0.9306477706586722,-0.31461532057449115,0.6686119890498751,-0.5586909628435036,-1.3792175592151803
Rorb,-0.13092560375770762,-0.919003532330117,1.7146910421730241,-0.3930633399074277,2.5221846224172872,1.6273589015042877,-0.8205222619391985,1.952629592195539,-0.2554018426677758,2.2977321489075764,1.8278526712161447,2.179014415498513,0.6358345850491931,-0.7238193682001162,-0.7897629770250726,-1.3209499231145378,1.1068410412137135,-0.9254425220615043,1.2119416422763034,0.5806244783792214,-1.8942259081819004,-2.7905388134353704,-0.23934926084315014,-2.8654864174617183,-2.3711503754318914,0.4708251815932274,-2.3874608483803144,0.8849860929441855
negCtrl_EGFP,-0.08037733469270976,0.9805106280115523,-0.9020095547989182,-0.45632143910371004,-0.9296750407917259,-0.555018200971587,1.0451943729609927,-0.9250152803426229,-0.35799842454471414,-0.7553127519897181,-0.5140104402242388,-1.5291825700508608,-1.481874980593013,0.43974423255953143,0.36659126714124135,1.1363700827770642,-0.5270331400505742,0.06112611134162272,-0.2942595958388738,-0.02707218475548739,0.5273973985167105,1.607129386325907,-0.16224645416790248,0.485065762099678,1.4864024228197885,-0.5015481295853024,0.14066209293678497,-0.36293611862812464
Nr4a1,-1.5741282314967058,0.38469219159599266,0.2241843489524377,-0.37300309244856716,-0.9337979167736834,-1.9964183735574028,1.6150769201745503,1.4237512029551118,1.0034327481582859,0.4068269021093827,-0.6563797933886789,-0.10596835382394951,-0.7673614592298938,-1.3145332183342289,-2.378278178671363,-0.765770261889686,-1.0622397012022324,-1.4356649274052147,-1.8089147300599704,-2.6413846587742147,-0.47850943116120626,1.0861954705606645,0.8661952224110172,0.5740446296794625,2.1477480931353248,1.9080158955324569,1.9592197453680176,1.0622484404805839
Rorc,-0.16995465113474068,0.25178120413523675,0.5923230804924517,-0.6834435170315696,-0.9180094609779155,0.444330425349657,0.38233559283081203,0.7735018935829904,-0.49473465857422316,-0.6766133786625934,0.6275534057511782,0.31860594435485523,-0.8990852137241813,-0.378344657218408,-0.48481189589682144,-0.11265565583929421,0.25966062567474546,-0.8302155209076933,-0.9907594424399235,-0.001487162149806622,-1.0460457754269032,0.9437983195571342,1.1861712620439564,0.25511777576717287,-0.14153182559250688,0.26347083440322827,-1.317772627887157,-1.340379297687489
Ncoa4,0.45551493691933975,-0.09771238295553422,0.5359017064717859,0.20182805486748126,-0.40636265473598526,0.20109035956880603,-0.4460932102587059,0.24504562572745225,-0.19523904286744168,-0.7058182331324642,-0.2060462577417186,0.5372795591890546,0.2915945767843949,-0.9347933795908385,-0.577910753674237,-0.8437911420524408,-0.349613789578608,-0.6808948517559592,-1.0972019907811317,-0.6752548930342613,-0.362207106957921,0.2310812294887839,0.7730793399385543,0.5973066403325431,-0.27782231050551925,0.4061615177837678,-0.008472613098301916,-0.5967555505248715
Nr2c2,0.12893297439112483,-0.7329840766828373,-0.5907122734375131,-0.08164195968648247,0.05785771914046588,-0.39662158777004397,-0.8310089929331285,-0.7421836203932015,-0.18491765664847487,-0.048317021293393304,-0.5381650474810736,0.05020920091012279,0.7190103524716998,0.6302012160481663,0.6987834439479234,-0.06054582621121128,-0.01026305409420507,0.5004795527060307,0.5850708727372719,0.2604045334981861,0.5000383197777925,-0.6993050355511885,-0.5784461878071109,-0.13574398944051724,-0.38710374804568215,-0.30208556756177124,0.38123137523180023,0.4483889353650888
Nr1d2,0.46868939659171055,0.4692637571943954,0.42381620702703965,-0.6190080539990266,-0.8630782498230478,-0.5956733816498497,0.1091369131734514,0.11292015411464718,-0.9718495524348375,-1.1164373912962853,-1.055696397459026,0.005747142697089676,-1.0752631778708024,0.20650845843048762,0.5316572971701518,0.5406741702846253,0.6542713480117622,-0.2632261166048033,-0.4467183265394667,-0.263868074914132,-0.8387061156481543,1.096152262845767,0.9929650952774692,0.2626104748322955,1.002007032826898,0.9544290097308757,0.0034283022711813337,-0.25613710168345255
Rara,-0.8436716802646529,0.3277185496340055,0.40730503813872315,-0.37355255225570566,-0.2737819497093149,-0.6237530352330062,0.9778683442209785,1.0694942951193622,0.3637058261926807,0.4065772168107588,0.11545204974853765,0.10001976515009202,-0.6974805563969941,-0.37978345482748904,-0.9620924352664558,-0.05319990667350413,0.05989950323531071,-0.6061626344776787,-0.5247140792721005,-0.8025937951021695,-0.648422626257937,0.5070851623529614,0.561789022494534,-0.08623045022395916,0.887435471842366,0.9609951986928076,0.3178111738203052,0.34659047717856256
Thra,0.08800061240214684,1.2179590735280819,0.7320703222082652,0.4387461776758202,1.177495543380154,0.5613754766173013,1.1539984924971287,0.7171384072242416,0.32937925250833944,0.9502056984562587,0.5095647355039366,-0.29802389419265296,-0.91788162823123,0.9778758405965293,1.0011495214382706,1.7675422898060364,1.7244205790040097,1.182069659281528,1.688907786970825,1.2848677650284814,-0.3819847846859248,0.1589580446956575,-0.17322565086943292,-0.7606015056749132,0.7367634106648218,0.3145026475789501,-0.16716273574055368,0.6074074983800068
Rxrg,0.07821708091998357,0.0018283777215245506,-0.19976737841991188,-0.7918560507308436,-0.8716395326111239,-0.27575270199406393,-0.058337654382050505,-0.2757975447736014,-0.8045621667648755,-0.8245826181937127,-0.36351551412614896,-0.17349304381969594,-0.7284143060689261,0.104396929169002,0.1557267372661457,0.08726049560109254,-0.1098043286473668,-0.47864653008113417,-0.5408210135732946,-0.11417595861442946,-0.37367900484392247,0.6843421167297431,0.433857394425469,0.10490462659101675,0.24764218864401066,0.01760022420694089,-0.5801256843051984,-0.5821376814254812
Ncoa5,-0.367180100442112,-0.6445270144429227,-0.2700277263314904,-0.9647003005067333,-0.5588437414775357,-0.8263509555455794,-0.3650924616823206,-0.02200983924589172,-0.5897939574989456,-0.20902184684052977,-0.5379173529624149,0.2610753593790291,-0.18499181365299086,0.16594597634864056,-0.10012109372878032,-0.3725081928632716,-0.12396051386975797,-0.5485396761449108,-0.26202161504934274,-0.4722829188596563,-0.42974467937712957,-0.13900673604774758,0.1497665897302028,-0.37053227810738426,0.08498464757408858,0.40577397982314917,-0.11788886359405024,0.26826061254984673
Nr1h4,0.7880112485327319,0.8214092874607134,-0.220716130379259,0.48653583201267403,0.06119956334711278,0.3522255789875064,0.21751747548484834,-0.8262438455983745,-0.21137230979905486,-0.5521699599605735,-0.3514486359554938,-0.8178154416949944,-0.4436421654849288,-0.06800884619813094,0.4908429822199836,0.5893152047918121,-0.3029931176118679,0.2880878713426813,-0.014592083228601683,0.20200350077354534,0.55180567497775,0.6872713573310312,-0.24347926937242875,0.40614698798751037,0.5159549328169488,-0.5320413300361252,0.1372375359807951,-0.287975236019785
Ncoa2,0.46356061465715226,0.1818427558899352,0.7062339712251583,0.7015329876030749,-0.8787108025804866,0.37508856985515937,-0.17622191103404225,0.4266915225553953,0.2597441743346717,-1.131606427024702,-0.03465857275984919,0.47070562161258805,0.4464559370721413,-0.635993658353634,-0.28087266102528946,-0.3784571641883003,0.1309414871324528,-0.059834935365268835,-1.1855981218941496,-0.28377516154481,-0.17485203702418098,0.8531576985884552,1.258899446603752,1.5510598703365828,-0.14967453287190152,0.4469969797136174,0.3585893531289376,-1.231068006909381
Nr1i3,0.2825072844955688,-2.501736805230378,-1.0444604031508733,-1.9524083161224401,-0.823363544922368,-3.153349269708653,-2.7320091470604955,-1.3557825436612976,-2.0859518741500014,-0.9513734930403385,-3.6309467693796402,1.0358486142772598,0.9151648692404357,2.8370604945439775,2.941117726638484,0.3389078650337157,1.690059567755109,1.0820025524029757,1.848982779927236,0.09583042213704394,-0.42496331650437114,-1.6017676266954188,-0.37028152656393815,-1.0812911690201341,0.31911325844403926,1.5834464977137577,1.5801430008127468,2.342945363170149
Ncoa6,0.07659732582430712,1.2701847840629406,-0.9222716240072423,0.14339558940336156,-0.03429623238450938,-0.03629733125803793,1.2150874894637973,-1.0633553019748556,0.06915085874304151,-0.08895192566611719,-0.10873840971712823,-1.7681027415311852,-1.2459017046473928,0.787776814347815,0.8123427592003466,1.6518471310239067,-0.2056574595772148,0.802293648844251,0.6530223337356709,0.6688597539855254,0.9714748162990037,1.1647145298393597,-0.8116887683521244,0.1717941597026229,1.316974218212379,-0.9593681960031146,0.20833940640704826,0.0022316548931569534
negCtrl_Cd19,-0.13983541861388704,0.969930342137517,-0.010411017688480597,-0.11203533036917121,-0.3681101281834624,-0.31469222919171996,1.0808228874858685,0.09232060676950421,0.013343960818455222,-0.21621885065559,-0.20523005282879034,-0.753961982356194,-1.1555763020187697,-0.5834570831261388,-0.6608067340800918,0.2872960910820819,-0.5866003894425528,-0.5990718157903081,-0.7695437674882197,-0.7522826542938692,-0.06970960818558568,1.1588807911101984,0.2504040585200102,0.25813433625456106,1.2630184323331544,0.25412356737173586,0.24892345074866404,-0.04950126486136205
Rarg,0.2757234606143237,0.9475647960781219,0.25875009017009565,0.48239124283844587,-0.0525174260372341,0.7253313851065332,0.7381739573222968,0.0779912366407182,0.21717786816082157,-0.2572231649052663,0.5145967359338065,-0.5014397726632525,-0.5835472192588026,0.1897588647737621,0.3778400371241249,0.9043132484112354,0.4617899145487298,0.516063279547018,0.12492340282100232,0.7107887898890223,0.09777025097258772,0.8885530825637042,0.27061270485692673,0.5158061393167039,0.31028755100744027,-0.33199880427717904,-0.31375763939975304,-0.7664757730689327
Dmrta1,-0.24812559705312165,0.8645604704505802,-0.27096432805047366,-0.2916470698031754,-1.2342540366975923,-0.6064409911187474,1.0553550150543805,-0.11349084547426312,-0.06141204212931851,-0.8921602703205963,-0.41583520606391416,-0.8867713895438895,-1.2055282247026355,1.020272540037354,0.8098553202847787,1.5163783723352213,0.7145977834210143,0.6937780575980267,-0.01099459588186346,0.4476133289368897,0.05095211636122703,1.7400183352120426,0.6149868089931401,0.9450453479067049,1.4079020526696977,0.21572657958681207,0.3910256161170199,-0.6066727568930753
Rora,0.7960731922486297,0.9416749687670661,-0.10611892729386133,0.6755380654018192,0.5338596238560702,0.2804540708015342,0.33466784655252657,-0.7072412925584914,-0.041623958915566146,-0.1423917693916638,-0.4343294349469658,-0.8132260104632802,-0.40227977434572565,-0.04753987085470046,0.5178645471022413,0.7055984983028001,-0.15958614880234342,0.44543356936765177,0.3458227321787685,0.1681690156441022,0.579292738756565,0.4261186401063797,-0.47296569769122115,0.1180251601422779,0.7029141452362594,-0.3498796561009507,0.44063654889037823,0.24677522807604274
Nr6a1,0.06687159770103059,-0.5987222444992075,0.08475865404114956,0.7541784166289002,-0.10166749951238398,0.5407571869202706,-0.6524208405016629,0.04297499830476089,0.6462494973703726,-0.14084457720802016,0.5114543883447534,0.5300149181979468,1.3325672918352947,-0.4142094855108223,-0.3511205912575322,-0.8123510964153339,-0.3164473406143722,0.1776966215497824,-0.42891237755796274,0.039352595770166664,0.4530214442551226,-0.4574702384087799,0.14854843008125665,0.8166181006908375,-1.0885242022714319,-0.36299147353716155,0.218506378542012,-0.6343267475135769
Esrra,-1.6184026268103509,-2.239076041078693,-0.4038365370072933,-0.3210322649220218,-2.2811477690207718,-0.8856340351963582,-1.008161514084453,0.7560532839993366,1.0585409467282056,-0.7729587451403921,0.5503204525774448,1.3693212969196915,2.132468099048024,0.9167933088415351,-0.2530402164254331,-1.009514821356639,0.4758515329328413,0.5887602741311225,-0.8627862525648119,0.15414475013909676,0.15325929538694738,-0.20955257367260707,1.2525615781214312,1.9633294423607988,-1.479650144023579,0.30859899036573557,0.6831713232699737,-1.3754336921898405
negCtrl_RFP,0.0,0.0,0.0,0.0,0.0,0.0,0.0,0.0,0.0,0.0,0.0,0.0,0.0,0.0,0.0,0.0,0.0,0.0,0.0,0.0,0.0,0.0,0.0,0.0,0.0,0.0,0.0,0.0
Nr4a2,-1.077751796952402,-0.6264242651217614,-0.8680531969795077,2.7177594453184937,0.4308099734766844,0.16176823846383373,0.20110877651777523,-0.14878448402689978,3.4687836165529125,1.2086649207671822,1.1630940635955733,-0.27094348929526874,3.19149140905122,0.3253204522789737,-0.451165663123836,-0.22719141225010364,-0.6058366345946642,2.2929199244791802,0.5924260068457848,0.4091823084185633,2.805214109281955,-0.8991697902355776,-1.0935065815714435,2.227247183797824,-0.7773205370601453,-1.072520953103582,2.981844299577079,0.2621880256857708
Nr2f2,-0.6204362719522453,0.18437109434328014,-1.2775103463258766,0.9785320102153839,2.0942105270862594,0.7683758096502836,0.6624346795518508,-0.9348430763201088,1.4282752644001107,2.329119522849061,1.3811424625917126,-1.2471024608553232,0.6946252153637263,0.5931270534736477,0.1336867560361289,0.6362713616762539,-0.7770789171858968,1.2210689428395256,2.013453842295624,1.091421388931575,1.885390014596446,-1.4822111940647895,-2.6280364238643656,-1.1457469219126024,-0.49763363540534233,-2.002173852206666,0.20499133219715152,1.309533197136584
Nr5a1,-1.2530849901677585,-0.11289335693649788,-0.6298640477982077,0.6290721479998113,1.0597975551947925,0.553722565941619,0.8397738344845269,0.241276803796259,1.6469603680209084,1.8899269119080446,1.7433737068610933,-0.4512600118799924,0.6862346003846055,1.8826481980745995,0.9291699254047867,1.4659379771426915,1.1729562023513826,2.11250716453019,2.374320823438778,2.0694754375923075,1.0448570566319038,-0.9225061359167446,-1.3140117097490083,-0.44468195659270204,-0.5964953831381057,-1.1517466539582863,0.058685063113470236,0.48515789341908444
Scand1,-0.4866893253363141,-0.35032993931037304,-1.138880218258435,0.3410655412166463,1.9254322712534544,0.9138054018055853,0.022360883529795424,-0.8888132226948655,0.7107179417961099,2.0572560412579324,1.4127011993263077,-0.7158053263662864,0.6932929812064422,3.2593104038292733,2.8349765791646173,2.4529342818420563,2.0388601501458874,3.141478020072211,4.18236009519387,3.5750592248791753,1.2700117753830955,-1.84539736323805,-2.345279848329736,-1.5931040456082262,-1.1683675315895599,-1.9773532075569058,-0.6389077980724351,1.009425312281774
Nr2c1,0.0373459769059743,0.07868783592810957,-0.43777380220874995,0.1362288342115803,0.17862738624559182,0.8413074778104997,0.05028183205513574,-0.5059509268535266,0.09550753012576958,0.12812663169453287,0.856184747396016,-0.43892642438580654,0.03955962611010727,0.6928645789315317,0.6947683791812932,0.6340869142958226,0.21600563570911452,0.7136115769738691,0.7243369549586082,1.2415409293040434,0.5097408602599319,-0.06944548456338598,-0.5213095063751854,-0.04662033940966987,-0.6691993587237984,-1.1749610137843305,-0.8511823600904829,-0.6552188519434278
Ppargc1b,-1.2123521191466082,0.44472118917546727,0.2402465080520259,1.6669247019165312,-1.0169977281007965,0.9222562232111451,1.3789730336663242,1.1542107391771452,2.5526541244771668,0.03931748103210656,2.0746094132020585,-0.13220839950908078,1.039639379382104,1.3121634675912317,0.4125267984276747,1.4352897925691697,1.5329139770468856,2.3393035529409825,0.3997779099406069,1.8386586240910558,0.9503388020975531,1.200569592861003,0.9274039325135298,2.598800071112112,-0.36681084708804207,-0.5155350972996993,0.8146490725663554,-1.896069235529938
Nr2f1,1.1964799939680741,0.3695544327275754,1.0353642495458488,-0.03967313953691482,0.1407160548013863,-0.0942893635517199,-0.5483416297003443,0.24209096282120926,-1.0463556433733292,-0.7920328146947532,-1.198334274818264,0.6095225247953948,-0.43690891291071476,-0.056403939512945596,0.7916116681751428,0.24548437287437533,1.042674254047826,-0.0786324715288757,0.053620394763276936,-0.12046609819468522,-1.0048225668368165,0.21989181350524858,0.8357717152365317,-0.17764808795141826,0.4576620190842346,1.1900294701615735,0.0673389283580036,0.23109865122309092
Nr1d1,-2.1388785956330483,-1.6119962524890534,-0.5864713577677351,-2.5217135267509128,-0.8808987896096574,-1.5254699110601304,-0.013324851081411685,0.9501140878080376,-0.5918171670391051,0.8642957247878446,0.3210759017395532,0.7550991456803375,-0.5708735718123805,-1.1668799821074458,-2.6380661350821093,-2.2593147931379307,-1.7774186330589865,-2.887327476654984,-1.6509919504091317,-2.1950727452108847,-1.2696151629663062,-0.7808938817795451,0.09379304557783395,-1.5876383275423358,-0.2872079955484007,0.6734953048607526,-1.0992296184674422,0.6623160553107124
Vdr,-0.34751433959132955,-2.211429322360651,-1.5787231108774664,-0.18208011016237763,-1.2720745878787105,-1.3854789432617125,-1.948295547729247,-1.4566428405975433,0.12337221370015555,-0.8498837719035395,-1.1484020955001453,0.3345058215888586,2.235848127492195,1.639421480211768,1.3321268647529074,-0.39789676388782935,-0.06358035964581335,1.3367067568277933,0.5142746475978313,0.43355738407083394,1.3702057844960687,-1.0072121677368377,-0.5550856290703257,1.0896832214866232,-1.0201258149630394,-0.5481256942758419,1.4477754371789209,0.12158237298077094
Esrrg,-0.8638926343886236,-0.6013635914986658,0.21171172263042878,-0.9074580616830412,0.5567333833211495,-0.6457777772022563,0.06151941910539699,0.8780947374084529,-0.11791804724553245,1.1570912440406484,0.11093030343338633,0.6449228544333192,-0.18198687701337146,-0.29547909120940036,-0.8977040678344603,-0.7211724667654211,-0.06401674323987437,-0.9179171914045707,0.14820393297030804,-0.7452691486056299,-0.849357214488448,-0.9737234138860518,-0.20022124938919766,-1.4284675910714715,-0.031268902645612176,0.7766531024642862,-0.2708626790439169,1.187472416816929
Blimp,0.0,0.0,0.0,0.0,0.0,0.0,0.0,0.0,0.0,0.0,0.0,0.0,0.0,0.0,0.0,0.0,0.0,0.0,0.0,0.0,0.0,0.0,0.0,0.0,0.0,0.0,0.0,0.0
Ppard,-2.2813818609955274,-2.386278356938816,-0.7349817489905345,-0.5494651133986618,0.10310129100248486,-1.3353005802603797,-0.6612159589229566,0.9253425791629134,1.4421447026865715,1.8513663226323485,0.6662980093331445,1.2339309119116026,2.1475008754830496,-0.17742618462875065,-1.7897417761213679,-2.044891375176494,-0.9434906259967614,-0.5542731559383978,-0.07675456055452488,-1.1641024357349958,0.30091281495933925,-2.2295729535901714,-0.729106352570026,-0.6217682291918781,-1.2176279404800783,0.3784139317673173,1.0037834658172047,1.4094530740298428
Eomes,0.7590461458526153,1.3274998340781086,-0.5054515548322196,0.38315046754561455,0.298391601173207,0.1434717383947231,0.747520099799736,-1.116067992264068,-0.2830199118432967,-0.3196747949178192,-0.5455071905941017,-1.4518996135658573,-1.0867255160279616,-0.17370457268987052,0.37045845685747764,0.9055038305923878,-0.7090796198350945,0.12238252994010088,0.06698429967465994,-0.04600182078016868,0.7484692319421125,0.9536641091400231,-0.6680601912113031,0.07082317243697195,1.2141735280717585,-0.663458622850451,0.26851666939353014,0.1513890610580168
Nr2e1,2.1194854925355915,0.3777801017961566,1.4138167279796179,0.579749560567365,0.7459342835841787,1.1291152387717127,-1.2573995278296055,-0.04598061250995213,-1.263746093817144,-0.9904221609467204,-0.7710959101080747,0.930089433659798,0.12246675998411216,-2.258132352712078,-0.6608786640572557,-1.5601954152154949,-0.7209584762539055,-1.590037405993682,-1.4073277858836475,-1.1542401269584224,-0.9256984163707264,-0.24861924360223137,0.7577323817273545,-0.18784577944222533,-0.6265146549709913,0.5697130491094429,-0.6883456688540857,-0.3823909097744958
Creb,-0.11132608811585716,-0.4498407682438041,-0.17968639886725035,-0.18617634119543974,-0.2967478716454142,-0.2694843931682077,-0.3656396371181966,-0.11340589750927657,-0.07973110407670828,-0.17519439027841652,-0.18303725281477198,0.18984813135665324,0.31690835236387127,0.057706998344548795,-0.023257725973869135,-0.30807265496963515,-0.13434838816342698,-0.08313410030578232,-0.16518163740918762,-0.1509651013346377,0.03732929252195198,-0.17019085282703472,0.046519545228429875,0.11594873857903822,-0.21436492184942715,0.03413102095018051,0.10896718002645552,-0.0245863094596583
Tgr5,1.4118529520838297,2.359594326084259,-0.4367686217929049,0.725164357380668,1.7391981028990293,0.08370873219518284,1.2948970422669368,-1.5256453735764919,-0.5161207409264386,0.4428516773242602,-1.2043665515549915,-2.188960117847305,-1.8963999653775137,0.6210579483786459,1.596790364013712,2.3740520368374716,0.14742157726168773,1.0735217546889066,1.790375204559314,0.6097342762028828,0.9265641494427223,0.7627569265831813,-1.6238713232630904,-1.0315822722221013,2.3048941565531025,-0.5390635155964052,0.7306762513898741,1.6211855609553734
Esr2,-0.7644924168566591,-0.07364742729656645,-0.6515356070824598,0.08004982453046874,0.3430841052592583,-1.1537974380060443,0.5144914251628484,-0.1423431380244072,0.7192761333834066,0.8861068416062703,-0.5191289667489504,-0.5053198239166727,0.15239485128159166,-0.7620357059352723,-1.2760854569583835,-0.6850588886728751,-1.4459499401266376,-0.6177620692687514,-0.40672935961730217,-1.539260667881072,0.6706262369113076,-0.3324080502009042,-0.8306111291633622,-0.2641026071351316,0.9550414465951824,0.27276570713316006,1.4696167448378394,1.4695681207683018
negCtrl_Cd8,0.4301077667626618,0.6667919818887429,0.6872696793930547,0.29051416748276276,-0.09235271346595457,0.0829490202013364,0.3386278726176711,0.43061375195664436,-0.09179261848338094,-0.41157689853061935,-0.3070510943419565,0.08129272825913866,-0.45550057288577617,-1.1372952370413323,-0.7909930308307076,-0.4089853424980598,-0.3909853798695049,-0.8011907943060916,-1.0463972257420506,-0.9448376765311052,-0.442216316625585,0.6691971451233648,0.6884123423971941,0.3705786166413709,0.5988093388555772,0.6683823763643487,0.23447826861412946,-0.17248897595041138
Nr3c2,1.893453049150838,1.4197685118978296,1.2906024503597098,0.4711239403885723,1.0982596807736902,1.1552945174344662,-0.05239951812967576,-0.012860193389453514,-1.1795884268161454,-0.5098220142377395,-0.5354579968548482,0.029943268913756347,-1.1071041834143989,-0.6030967399153898,0.7759080394022724,0.6268381646619645,0.7820616698654486,-0.19357778527826935,0.27836355032311666,0.33785385431004933,-0.8884406143955923,0.40897735619653874,0.3992346276836627,-0.6405875763738798,0.39770182536205745,0.4135975273825648,-0.8503240080962641,-0.06997107576463826
Esrrb,-2.221669963449402,-1.6096524869556523,-0.5883408092578636,-1.8195769475093284,0.6625617652187266,-1.1988471713763427,0.10734953945829674,1.0058433432795482,0.18057348959149155,2.2798406530608046,0.7775171193350052,0.7152898776795203,0.061316577780894624,0.28089708586000417,-1.306245953638186,-1.0329256127087976,-0.35541178572285365,-1.0720498491379078,0.7463710658928451,-0.6560673142442067,-0.740282065290903,-1.93550588718569,-1.0309591851540167,-2.4078113575409907,-0.5444147182572823,0.3804348666281197,-0.657280739888803,1.844476191418127
Ar,-0.47540678240707623,-0.5804403646609236,-0.28389083795506226,-0.15731203459138796,0.39462560436009836,0.49702858889080404,-0.2169993350371996,0.04273177235695874,0.25459653909106467,0.7109357742108928,0.9601880233818779,0.19915675445725722,0.48493285102067757,-0.9058759676522371,-1.2058016778172902,-1.2016486649663758,-1.1951392243235535,-0.916168631833794,-0.4937864150749573,-0.42879337807666335,0.15617294009066826,-0.8289531136800866,-0.536464563955963,-0.5420047277769257,-1.0284103803703144,-0.7242430609651734,-0.7739182134616794,-0.10390991013619937
Pparg,0.9420529913429616,0.1557810215863791,1.3141586521911113,1.999341565119322,-0.1225972174908241,1.373361576799668,-0.5663449816053928,0.7302012610107016,1.0714069556462744,-0.8271126760784707,0.5872728325459567,1.0116674988985201,1.6694870881878698,-0.6061923178415545,0.08493214341738313,-0.3748302862944526,0.8011280025707385,0.9123363514340117,-0.609970992682551,0.4933264931609545,0.18724254961007125,0.23594803789841795,1.2776958756134313,2.049844123988181,-1.0630648844808035,0.2553098517822098,0.6617209834211109,-1.4683439395336693
Abcb1b,1.5377520513643934,0.7958203624849073,0.8299449793864895,0.1871857895139719,-0.2596606901281252,0.25430164300981695,-0.38262697521936395,-0.23631295975902025,-1.1224974920339696,-1.4090838407980617,-1.1428625552388654,0.10564545019076024,-0.6909262145394081,0.15062555135854316,1.233138125753205,0.7518400727019589,1.0312506885669093,0.2685244682463695,-0.05827765177929552,0.32331609579523846,-0.649890610033297,0.9163992069048805,0.9353324203603488,0.43751107941897394,0.5777145318183545,0.6766270292924548,-0.08955209702221505,-0.5060245710763082
Nr4a3,-1.3035861405967382,0.32762276866032625,0.04306030341674032,-0.5564593705992826,0.06706579055316401,-0.24715824343037968,1.3316731265451476,1.0122998157143401,0.5819912512536694,1.0597781999420102,0.9308247664912648,-0.21442112053439433,-0.8673233419069674,-0.28489446360150017,-1.1973316740113464,0.0252357594046508,-0.23261820020320884,-0.6530615288705832,-0.1955996830749097,-0.435041942067224,-0.4358335806253751,0.24150995957375193,-0.00833740139501541,-0.6015256651103611,0.5533452415856024,0.2557627814302492,-0.3418739374742871,0.3116443898144878
Abcb1a,3.605409589451277,1.2178087585205406,2.061206672303421,1.0437334665079894,0.046996502248840694,3.2089094147881516,-1.550203674541866,-0.42734721001013026,-2.0684064604102894,-2.7297902645770904,0.08278903517126697,0.845987488970611,-0.3618066002820747,0.023820141137409857,2.5749555190520086,0.981421552305558,2.2133973918838654,0.7740377642186203,0.05451094246215274,2.4238501355454183,-1.204141879756746,1.0532291652993915,1.8362926973955411,0.955217190614352,-1.632433216366282,-0.4862151849626437,-2.642337517513778,-3.124488779039602
Rxrb,1.2133055817626246,0.48318874419860003,0.3318834963891289,0.38938339058259236,-0.057226370965878716,-0.18068450613967602,-0.44872301535310477,-0.5403274117765838,-0.6607992905124954,-0.9827013365103826,-1.2966815264075575,-0.08403570189755417,-0.166218242361488,-0.9488375830643134,-0.051707002597449925,-0.39884517782251955,-0.5809796063287263,-0.5605092435202741,-0.8579769160429197,-0.9732370303801893,-0.036612637346434,0.47747192262415084,0.34133095469953445,0.4306337602769157,0.6495049468775217,0.5084029874397025,0.663102351437492,0.12264400421007575
Thrb,-1.0239428320724777,-0.19704313634815315,-0.5846371396117924,-0.28374746006483414,-1.6534988439572231,0.1267463976684783,0.587061424404302,0.12146858696990391,0.5984383671184341,-0.6695741316513091,1.0714854645353722,-0.35153260501502487,-0.04632720061142728,-0.18803865920955307,-0.9038840450274119,-0.30858740775070287,-0.8090084524881975,-0.3723836857864892,-1.3640316880703247,-0.07161273883660847,0.3508053625338858,1.1146932252151367,0.640265387965585,1.3749255078295757,-0.3094930077839868,-0.7362058065972336,-0.4786756476182312,-1.7530110480444114
Nr1h2,0.16365522322532058,0.11158904315462699,-0.29498963619945323,-1.5775032377376832,0.9644368320192118,0.15258346394941957,-0.013766659058223971,-0.4448244690564639,-1.6172410213100086,0.7242005512810944,0.011820239307646396,-0.34032213486517476,-1.5860188584518107,1.2452613879008227,1.3202364011379868,1.1226776681306163,0.9189527627871564,-0.03552739372680158,1.7769658445088705,1.2233993847574651,-0.8509593870628387,-0.6574721876372615,-0.9513073893662537,-2.4794634505507833,-0.023823923540836477,-0.44687381089968636,-2.0038589279779067,0.796534460602858
Ncoa1,-0.7654505178746224,-1.602962968405667,-1.4181503288124042,-1.199390986283366,-1.250494550944925,-1.5960366190789177,-1.021861564014768,-0.9885596135834092,-0.4743365406189461,-0.5210209552827031,-0.9894685381663999,-0.0025026477609396904,0.6441462430727564,-1.4056482891717872,-1.8986273182228284,-2.398250339236884,-2.889456523666469,-2.1083471412870085,-2.1159437811180166,-2.4190794776554734,0.5000651947346179,-0.4499901807930661,-0.40833180122780594,0.10438249991944441,-0.19988422174750747,-0.19127760717962916,0.5392872273487382,0.3413241449251202
Nr0b2,-0.09583043193870261,-0.05911149008165595,1.279364618387467,0.3755122264114754,-0.4082084399424006,0.7105733516668591,0.014387556846181615,1.4660568334984752,0.43186409134294573,-0.2841847768109967,0.8393361329646428,1.150174370996632,0.40805365937212,-0.27684193753293923,-0.3333041935432864,-0.2752344616609781,1.0919538184646864,0.024770308971370253,-0.5350290026074873,0.28784520201628505,-0.9440227343622879,0.26782880072823784,1.4502646222857805,0.7635445469766026,-0.6942645466364316,0.7796219501767311,-0.42060590824233607,-1.1027126136027612
Nr2e3,-0.6923453978570808,0.9799716365652384,-0.6020040425241934,1.3407027507039286,0.22085282219509772,1.73098958147088,1.5232603967512521,-0.1397699167365767,1.8286825808596534,0.7275492759950495,2.42526397262958,-1.270047825382047,0.1667000517639165,-1.0316528643699976,-1.465641733273423,-0.07964569122150904,-1.6478232473062697,0.04379930862696682,-0.7330921203829698,0.39865268488039485,1.5188050703083575,0.7098327331159382,-0.7011499420180294,1.075725844439637,-0.5707598556537796,-2.0931887752644585,-0.5686343363658406,-1.5129557812418255
